id,season,city,date,team1,team2,toss_winner,toss_decision,result,dl_applied,winner,win_by_runs,win_by_wickets,player_of_match,venue,umpire1,umpire2,umpire3
1,2008,Bangalore,2008-04-18,Kolkata Knight Riders,Royal Challengers Bangalore,Royal Challengers Bangalore,field,normal,0,Kolkata Knight Riders,140,0,BB McCullum,M Chinnaswamy Stadium,Asad Rauf,RE Koertzen,
2,2008,Chandigarh,2008-04-19,Chennai Super Kings,Kings XI Punjab,Chennai Super Kings,bat,normal,0,Chennai Super Kings,33,0,MEK Hussey,"Punjab Cricket Association Stadium, Mohali",MR Benson,SL Shastri,
3,2008,Delhi,2008-04-19,Rajasthan Royals,Delhi Daredevils,Rajasthan Royals,bat,normal,0,Delhi Daredevils,0,9,MF Maharoof,Feroz Shah Kotla,Aleem Dar,GA Pratapkumar,
4,2008,Mumbai,2008-04-20,Mumbai Indians,Royal Challengers Bangalore,Mumbai Indians,bat,normal,0,Royal Challengers Bangalore,0,5,MV Boucher,Wankhede Stadium,SJ Davis,DJ Harper,
6,2008,Jaipur,2008-04-21,Kings XI Punjab,Rajasthan Royals,Kings XI Punjab,bat,normal,0,Rajasthan Royals,0,6,SR Watson,Sawai Mansingh Stadium,Aleem Dar,RB Tiffin,
8,2008,Chennai,2008-04-23,Chennai Super Kings,Mumbai Indians,Mumbai Indians,field,normal,0,Chennai Super Kings,6,0,ML Hayden,"MA Chidambaram Stadium, Chepauk",DJ Harper,GA Pratapkumar,
10,2008,Chandigarh,2008-04-25,Kings XI Punjab,Mumbai Indians,Mumbai Indians,field,normal,0,Kings XI Punjab,66,0,KC Sangakkara,"Punjab Cricket Association Stadium, Mohali",Aleem Dar,AM Saheba,
11,2008,Bangalore,2008-04-26,Royal Challengers Bangalore,Rajasthan Royals,Rajasthan Royals,field,normal,0,Rajasthan Royals,0,7,SR Watson,M Chinnaswamy Stadium,MR Benson,IL Howell,
12,2008,Chennai,2008-04-26,Kolkata Knight Riders,Chennai Super Kings,Kolkata Knight Riders,bat,normal,0,Chennai Super Kings,0,9,JDP Oram,"MA Chidambaram Stadium, Chepauk",BF Bowden,AV Jayaprakash,
14,2008,Chandigarh,2008-04-27,Delhi Daredevils,Kings XI Punjab,Delhi Daredevils,bat,normal,0,Kings XI Punjab,0,4,SM Katich,"Punjab Cricket Association Stadium, Mohali",RE Koertzen,I Shivram,
15,2008,Bangalore,2008-04-28,Chennai Super Kings,Royal Challengers Bangalore,Chennai Super Kings,bat,normal,0,Chennai Super Kings,13,0,MS Dhoni,M Chinnaswamy Stadium,BR Doctrove,RB Tiffin,
16,2008,Kolkata,2008-04-29,Kolkata Knight Riders,Mumbai Indians,Kolkata Knight Riders,bat,normal,0,Mumbai Indians,0,7,ST Jayasuriya,Eden Gardens,BF Bowden,AV Jayaprakash,
17,2008,Delhi,2008-04-30,Delhi Daredevils,Royal Challengers Bangalore,Royal Challengers Bangalore,field,normal,0,Delhi Daredevils,10,0,GD McGrath,Feroz Shah Kotla,Aleem Dar,I Shivram,
19,2008,Jaipur,2008-05-01,Rajasthan Royals,Kolkata Knight Riders,Rajasthan Royals,bat,normal,0,Rajasthan Royals,45,0,SA Asnodkar,Sawai Mansingh Stadium,RE Koertzen,GA Pratapkumar,
20,2008,Chennai,2008-05-02,Chennai Super Kings,Delhi Daredevils,Chennai Super Kings,bat,normal,0,Delhi Daredevils,0,8,V Sehwag,"MA Chidambaram Stadium, Chepauk",BF Bowden,K Hariharan,
22,2008,Chandigarh,2008-05-03,Kings XI Punjab,Kolkata Knight Riders,Kings XI Punjab,bat,normal,0,Kings XI Punjab,9,0,IK Pathan,"Punjab Cricket Association Stadium, Mohali",DJ Harper,I Shivram,
23,2008,Mumbai,2008-05-04,Mumbai Indians,Delhi Daredevils,Delhi Daredevils,field,normal,0,Mumbai Indians,29,0,SM Pollock,Dr DY Patil Sports Academy,IL Howell,RE Koertzen,
24,2008,Jaipur,2008-05-04,Chennai Super Kings,Rajasthan Royals,Chennai Super Kings,bat,normal,0,Rajasthan Royals,0,8,Sohail Tanvir,Sawai Mansingh Stadium,Asad Rauf,AV Jayaprakash,
25,2008,Bangalore,2008-05-05,Royal Challengers Bangalore,Kings XI Punjab,Kings XI Punjab,field,normal,0,Kings XI Punjab,0,6,S Sreesanth,M Chinnaswamy Stadium,SJ Davis,BR Doctrove,
27,2008,Mumbai,2008-05-07,Rajasthan Royals,Mumbai Indians,Mumbai Indians,field,normal,0,Mumbai Indians,0,7,A Nehra,Dr DY Patil Sports Academy,DJ Harper,RE Koertzen,
28,2008,Delhi,2008-05-08,Delhi Daredevils,Chennai Super Kings,Chennai Super Kings,field,normal,0,Chennai Super Kings,0,4,MS Dhoni,Feroz Shah Kotla,Aleem Dar,RB Tiffin,
29,2008,Kolkata,2008-05-08,Kolkata Knight Riders,Royal Challengers Bangalore,Kolkata Knight Riders,bat,normal,0,Kolkata Knight Riders,5,0,SC Ganguly,Eden Gardens,Asad Rauf,IL Howell,
31,2008,Bangalore,2008-05-28,Royal Challengers Bangalore,Mumbai Indians,Mumbai Indians,field,normal,0,Mumbai Indians,0,9,CRD Fernando,M Chinnaswamy Stadium,BF Bowden,AV Jayaprakash,
32,2008,Chennai,2008-05-10,Chennai Super Kings,Kings XI Punjab,Kings XI Punjab,field,normal,0,Chennai Super Kings,18,0,L Balaji,"MA Chidambaram Stadium, Chepauk",AV Jayaprakash,BG Jerling,
34,2008,Jaipur,2008-05-11,Delhi Daredevils,Rajasthan Royals,Rajasthan Royals,field,normal,0,Rajasthan Royals,0,3,SR Watson,Sawai Mansingh Stadium,SJ Davis,RE Koertzen,
35,2008,Chandigarh,2008-05-12,Royal Challengers Bangalore,Kings XI Punjab,Royal Challengers Bangalore,bat,normal,0,Kings XI Punjab,0,9,SE Marsh,"Punjab Cricket Association Stadium, Mohali",BR Doctrove,I Shivram,
36,2008,Kolkata,2008-05-13,Kolkata Knight Riders,Delhi Daredevils,Kolkata Knight Riders,bat,normal,0,Kolkata Knight Riders,23,0,Shoaib Akhtar,Eden Gardens,Asad Rauf,IL Howell,
37,2008,Mumbai,2008-05-14,Chennai Super Kings,Mumbai Indians,Mumbai Indians,field,normal,0,Mumbai Indians,0,9,ST Jayasuriya,Wankhede Stadium,BR Doctrove,AM Saheba,
38,2008,Chandigarh,2008-05-28,Kings XI Punjab,Rajasthan Royals,Rajasthan Royals,field,normal,0,Kings XI Punjab,41,0,SE Marsh,"Punjab Cricket Association Stadium, Mohali",SJ Davis,K Hariharan,
40,2008,Mumbai,2008-05-16,Kolkata Knight Riders,Mumbai Indians,Mumbai Indians,field,normal,0,Mumbai Indians,0,8,SM Pollock,Wankhede Stadium,BR Doctrove,DJ Harper,
42,2008,Jaipur,2008-05-17,Rajasthan Royals,Royal Challengers Bangalore,Royal Challengers Bangalore,field,normal,0,Rajasthan Royals,65,0,GC Smith,Sawai Mansingh Stadium,BF Bowden,SL Shastri,
45,2008,Bangalore,2008-05-19,Royal Challengers Bangalore,Delhi Daredevils,Delhi Daredevils,field,normal,0,Delhi Daredevils,0,5,SP Goswami,M Chinnaswamy Stadium,SJ Davis,GA Pratapkumar,
46,2008,Kolkata,2008-05-20,Kolkata Knight Riders,Rajasthan Royals,Rajasthan Royals,field,normal,0,Rajasthan Royals,0,6,YK Pathan,Eden Gardens,BG Jerling,RE Koertzen,
47,2008,Mumbai,2008-05-21,Kings XI Punjab,Mumbai Indians,Mumbai Indians,field,normal,0,Kings XI Punjab,1,0,SE Marsh,Wankhede Stadium,BF Bowden,GA Pratapkumar,
48,2008,Chennai,2008-05-21,Royal Challengers Bangalore,Chennai Super Kings,Royal Challengers Bangalore,bat,normal,0,Royal Challengers Bangalore,14,0,A Kumble,"MA Chidambaram Stadium, Chepauk",DJ Harper,I Shivram,
50,2008,Delhi,2008-05-24,Mumbai Indians,Delhi Daredevils,Delhi Daredevils,field,normal,0,Delhi Daredevils,0,5,KD Karthik,Feroz Shah Kotla,BF Bowden,K Hariharan,
51,2008,Chennai,2008-05-24,Rajasthan Royals,Chennai Super Kings,Rajasthan Royals,bat,normal,0,Rajasthan Royals,10,0,JA Morkel,"MA Chidambaram Stadium, Chepauk",DJ Harper,SL Shastri,
53,2008,Kolkata,2008-05-25,Kings XI Punjab,Kolkata Knight Riders,Kings XI Punjab,bat,normal,0,Kolkata Knight Riders,0,3,Umar Gul,Eden Gardens,SJ Davis,I Shivram,
54,2008,Jaipur,2008-05-26,Mumbai Indians,Rajasthan Royals,Rajasthan Royals,field,normal,0,Rajasthan Royals,0,5,Sohail Tanvir,Sawai Mansingh Stadium,BF Bowden,K Hariharan,
56,2008,Mumbai,2008-05-30,Rajasthan Royals,Delhi Daredevils,Delhi Daredevils,field,normal,0,Rajasthan Royals,105,0,SR Watson,Wankhede Stadium,BF Bowden,RE Koertzen,
57,2008,Mumbai,2008-05-31,Kings XI Punjab,Chennai Super Kings,Kings XI Punjab,bat,normal,0,Chennai Super Kings,0,9,M Ntini,Wankhede Stadium,Asad Rauf,DJ Harper,
58,2008,Mumbai,2008-06-01,Chennai Super Kings,Rajasthan Royals,Rajasthan Royals,field,normal,0,Rajasthan Royals,0,3,YK Pathan,Dr DY Patil Sports Academy,BF Bowden,RE Koertzen,
59,2009,Cape Town,2009-04-18,Mumbai Indians,Chennai Super Kings,Chennai Super Kings,field,normal,0,Mumbai Indians,19,0,SR Tendulkar,Newlands,BR Doctrove,K Hariharan,
60,2009,Cape Town,2009-04-18,Royal Challengers Bangalore,Rajasthan Royals,Royal Challengers Bangalore,bat,normal,0,Royal Challengers Bangalore,75,0,R Dravid,Newlands,BR Doctrove,RB Tiffin,
63,2009,Port Elizabeth,2009-04-20,Chennai Super Kings,Royal Challengers Bangalore,Chennai Super Kings,bat,normal,0,Chennai Super Kings,92,0,M Muralitharan,St George's Park,BG Jerling,SJA Taufel,
66,2009,Durban,2009-04-23,Delhi Daredevils,Chennai Super Kings,Delhi Daredevils,bat,normal,0,Delhi Daredevils,9,0,AB de Villiers,Kingsmead,BR Doctrove,SJA Taufel,
68,2009,Durban,2009-04-24,Royal Challengers Bangalore,Kings XI Punjab,Royal Challengers Bangalore,bat,normal,0,Kings XI Punjab,0,7,RS Bopara,Kingsmead,BR Doctrove,TH Wijewardene,
70,2009,Port Elizabeth,2009-04-26,Royal Challengers Bangalore,Delhi Daredevils,Royal Challengers Bangalore,bat,normal,0,Delhi Daredevils,0,6,TM Dilshan,St George's Park,S Asnani,BG Jerling,
71,2009,Cape Town,2009-04-26,Kings XI Punjab,Rajasthan Royals,Kings XI Punjab,bat,normal,0,Kings XI Punjab,27,0,KC Sangakkara,Newlands,M Erasmus,K Hariharan,
73,2009,Port Elizabeth,2009-04-27,Mumbai Indians,Kolkata Knight Riders,Mumbai Indians,bat,normal,0,Mumbai Indians,92,0,SR Tendulkar,St George's Park,BG Jerling,RB Tiffin,
74,2009,Centurion,2009-04-28,Delhi Daredevils,Rajasthan Royals,Delhi Daredevils,bat,normal,0,Rajasthan Royals,0,5,YK Pathan,SuperSport Park,GAV Baxter,RE Koertzen,
75,2009,Durban,2009-04-29,Kolkata Knight Riders,Royal Challengers Bangalore,Kolkata Knight Riders,bat,normal,0,Royal Challengers Bangalore,0,5,MV Boucher,Kingsmead,MR Benson,TH Wijewardene,
76,2009,Durban,2009-04-29,Kings XI Punjab,Mumbai Indians,Kings XI Punjab,bat,normal,0,Kings XI Punjab,3,0,KC Sangakkara,Kingsmead,MR Benson,SL Shastri,
78,2009,Centurion,2009-04-30,Chennai Super Kings,Rajasthan Royals,Rajasthan Royals,field,normal,0,Chennai Super Kings,38,0,SK Raina,SuperSport Park,GAV Baxter,RE Koertzen,
79,2009,East London,2009-05-01,Mumbai Indians,Kolkata Knight Riders,Mumbai Indians,bat,normal,0,Mumbai Indians,9,0,JP Duminy,Buffalo Park,M Erasmus,SK Tarapore,
80,2009,Durban,2009-05-01,Royal Challengers Bangalore,Kings XI Punjab,Royal Challengers Bangalore,bat,normal,0,Royal Challengers Bangalore,8,0,Yuvraj Singh,Kingsmead,HDPK Dharmasena,S Ravi,
82,2009,Johannesburg,2009-05-02,Chennai Super Kings,Delhi Daredevils,Delhi Daredevils,field,normal,0,Chennai Super Kings,18,0,SB Jakati,New Wanderers Stadium,DJ Harper,RE Koertzen,
83,2009,Port Elizabeth,2009-05-03,Kolkata Knight Riders,Kings XI Punjab,Kolkata Knight Riders,bat,normal,0,Kings XI Punjab,0,6,DPMD Jayawardene,St George's Park,S Asnani,MR Benson,
84,2009,Johannesburg,2009-05-03,Mumbai Indians,Royal Challengers Bangalore,Mumbai Indians,bat,normal,0,Royal Challengers Bangalore,0,9,JH Kallis,New Wanderers Stadium,RE Koertzen,TH Wijewardene,
86,2009,Durban,2009-05-05,Rajasthan Royals,Kings XI Punjab,Kings XI Punjab,field,normal,0,Rajasthan Royals,78,0,GC Smith,Kingsmead,SS Hazare,IL Howell,
87,2009,Durban,2009-05-05,Kolkata Knight Riders,Delhi Daredevils,Kolkata Knight Riders,bat,normal,0,Delhi Daredevils,0,9,G Gambhir,Kingsmead,GAV Baxter,IL Howell,
89,2009,Centurion,2009-05-07,Royal Challengers Bangalore,Rajasthan Royals,Rajasthan Royals,field,normal,0,Rajasthan Royals,0,7,A Singh,SuperSport Park,K Hariharan,DJ Harper,
91,2009,East London,2009-05-08,Mumbai Indians,Delhi Daredevils,Mumbai Indians,bat,normal,0,Delhi Daredevils,0,7,A Nehra,Buffalo Park,M Erasmus,SK Tarapore,
93,2009,Kimberley,2009-05-09,Rajasthan Royals,Chennai Super Kings,Rajasthan Royals,bat,normal,0,Chennai Super Kings,0,7,S Badrinath,De Beers Diamond Oval,GAV Baxter,HDPK Dharmasena,
94,2009,Port Elizabeth,2009-05-10,Mumbai Indians,Royal Challengers Bangalore,Mumbai Indians,bat,normal,0,Mumbai Indians,16,0,JP Duminy,St George's Park,BR Doctrove,BG Jerling,
95,2009,Johannesburg,2009-05-10,Kolkata Knight Riders,Delhi Daredevils,Delhi Daredevils,field,normal,0,Delhi Daredevils,0,7,A Mishra,New Wanderers Stadium,SL Shastri,RB Tiffin,
97,2009,Centurion,2009-05-12,Kolkata Knight Riders,Royal Challengers Bangalore,Royal Challengers Bangalore,field,normal,0,Royal Challengers Bangalore,0,6,LRPL Taylor,SuperSport Park,M Erasmus,SS Hazare,
98,2009,Centurion,2009-05-12,Kings XI Punjab,Mumbai Indians,Kings XI Punjab,bat,normal,0,Mumbai Indians,0,8,Harbhajan Singh,SuperSport Park,SS Hazare,RE Koertzen,
100,2009,Durban,2009-05-14,Chennai Super Kings,Royal Challengers Bangalore,Chennai Super Kings,bat,normal,0,Royal Challengers Bangalore,0,2,LRPL Taylor,Kingsmead,BR Doctrove,DJ Harper,
101,2009,Durban,2009-05-14,Rajasthan Royals,Mumbai Indians,Rajasthan Royals,bat,normal,0,Rajasthan Royals,2,0,SK Warne,Kingsmead,BR Doctrove,DJ Harper,
102,2009,Bloemfontein,2009-05-15,Delhi Daredevils,Kings XI Punjab,Kings XI Punjab,field,normal,0,Kings XI Punjab,0,6,B Lee,OUTsurance Oval,HDPK Dharmasena,IL Howell,
103,2009,Port Elizabeth,2009-05-16,Mumbai Indians,Chennai Super Kings,Mumbai Indians,bat,normal,0,Chennai Super Kings,0,7,ML Hayden,St George's Park,SK Tarapore,SJA Taufel,
106,2009,Bloemfontein,2009-05-17,Delhi Daredevils,Rajasthan Royals,Delhi Daredevils,bat,normal,0,Delhi Daredevils,14,0,AB de Villiers,OUTsurance Oval,SS Hazare,IL Howell,
107,2009,Centurion,2009-05-18,Chennai Super Kings,Kolkata Knight Riders,Chennai Super Kings,bat,normal,0,Kolkata Knight Riders,0,7,BJ Hodge,SuperSport Park,SJA Taufel,RB Tiffin,
108,2009,Johannesburg,2009-05-19,Delhi Daredevils,Royal Challengers Bangalore,Delhi Daredevils,bat,normal,0,Royal Challengers Bangalore,0,7,JH Kallis,New Wanderers Stadium,IL Howell,RB Tiffin,
109,2009,Durban,2009-05-20,Rajasthan Royals,Kolkata Knight Riders,Kolkata Knight Riders,field,normal,0,Kolkata Knight Riders,0,4,LR Shukla,Kingsmead,BG Jerling,SJA Taufel,
110,2009,Durban,2009-05-20,Chennai Super Kings,Kings XI Punjab,Chennai Super Kings,bat,normal,0,Chennai Super Kings,24,0,M Muralitharan,Kingsmead,BG Jerling,SJA Taufel,
111,2009,Centurion,2009-05-21,Mumbai Indians,Delhi Daredevils,Delhi Daredevils,field,normal,0,Delhi Daredevils,0,4,V Sehwag,SuperSport Park,IL Howell,S Ravi,
114,2009,Johannesburg,2009-05-23,Chennai Super Kings,Royal Challengers Bangalore,Royal Challengers Bangalore,field,normal,0,Royal Challengers Bangalore,0,6,MK Pandey,New Wanderers Stadium,RE Koertzen,SJA Taufel,
117,2010,Mumbai,2010-03-13,Mumbai Indians,Rajasthan Royals,Mumbai Indians,bat,normal,0,Mumbai Indians,4,0,YK Pathan,Brabourne Stadium,RE Koertzen,RB Tiffin,
118,2010,Chandigarh,2010-03-13,Kings XI Punjab,Delhi Daredevils,Delhi Daredevils,field,normal,0,Delhi Daredevils,0,5,G Gambhir,"Punjab Cricket Association Stadium, Mohali",BR Doctrove,S Ravi,
119,2010,Kolkata,2010-03-14,Royal Challengers Bangalore,Kolkata Knight Riders,Kolkata Knight Riders,field,normal,0,Kolkata Knight Riders,0,7,MK Tiwary,Eden Gardens,HDPK Dharmasena,AM Saheba,
121,2010,Ahmedabad,2010-03-15,Rajasthan Royals,Delhi Daredevils,Delhi Daredevils,field,normal,0,Delhi Daredevils,0,6,V Sehwag,"Sardar Patel Stadium, Motera",BG Jerling,RE Koertzen,
122,2010,Bangalore,2010-03-16,Kings XI Punjab,Royal Challengers Bangalore,Kings XI Punjab,bat,normal,0,Royal Challengers Bangalore,0,8,JH Kallis,M Chinnaswamy Stadium,S Das,DJ Harper,
123,2010,Kolkata,2010-03-16,Chennai Super Kings,Kolkata Knight Riders,Chennai Super Kings,bat,normal,0,Chennai Super Kings,55,0,MS Dhoni,Eden Gardens,HDPK Dharmasena,AM Saheba,
124,2010,Delhi,2010-03-17,Mumbai Indians,Delhi Daredevils,Delhi Daredevils,field,normal,0,Mumbai Indians,98,0,SR Tendulkar,Feroz Shah Kotla,BR Doctrove,SK Tarapore,
125,2010,Bangalore,2010-03-18,Rajasthan Royals,Royal Challengers Bangalore,Royal Challengers Bangalore,field,normal,0,Royal Challengers Bangalore,0,10,JH Kallis,M Chinnaswamy Stadium,K Hariharan,DJ Harper,
126,2010,Delhi,2010-03-19,Delhi Daredevils,Chennai Super Kings,Delhi Daredevils,bat,normal,0,Chennai Super Kings,0,5,ML Hayden,Feroz Shah Kotla,BR Doctrove,SK Tarapore,
128,2010,Ahmedabad,2010-03-20,Rajasthan Royals,Kolkata Knight Riders,Rajasthan Royals,bat,normal,0,Rajasthan Royals,34,0,AA Jhunjhunwala,"Sardar Patel Stadium, Motera",RE Koertzen,RB Tiffin,
129,2010,Mumbai,2010-03-20,Mumbai Indians,Royal Challengers Bangalore,Mumbai Indians,bat,normal,0,Royal Challengers Bangalore,0,7,JH Kallis,Brabourne Stadium,HDPK Dharmasena,SS Hazare,
132,2010,Mumbai,2010-03-22,Kolkata Knight Riders,Mumbai Indians,Kolkata Knight Riders,bat,normal,0,Mumbai Indians,0,7,SR Tendulkar,Brabourne Stadium,SS Hazare,SJA Taufel,
133,2010,Bangalore,2010-03-23,Royal Challengers Bangalore,Chennai Super Kings,Chennai Super Kings,field,normal,0,Royal Challengers Bangalore,36,0,RV Uthappa,M Chinnaswamy Stadium,RE Koertzen,RB Tiffin,
134,2010,Chandigarh,2010-03-24,Rajasthan Royals,Kings XI Punjab,Kings XI Punjab,field,normal,0,Rajasthan Royals,31,0,AC Voges,"Punjab Cricket Association Stadium, Mohali",BR Doctrove,SK Tarapore,
135,2010,Mumbai,2010-03-25,Chennai Super Kings,Mumbai Indians,Mumbai Indians,field,normal,0,Mumbai Indians,0,5,SR Tendulkar,Brabourne Stadium,BF Bowden,AM Saheba,
137,2010,Chandigarh,2010-03-27,Kolkata Knight Riders,Kings XI Punjab,Kolkata Knight Riders,bat,normal,0,Kolkata Knight Riders,39,0,MK Tiwary,"Punjab Cricket Association Stadium, Mohali",BR Doctrove,S Ravi,
138,2010,Bangalore,2010-03-25,Delhi Daredevils,Royal Challengers Bangalore,Royal Challengers Bangalore,field,normal,0,Delhi Daredevils,17,0,KM Jadhav,M Chinnaswamy Stadium,BG Jerling,RE Koertzen,
139,2010,Ahmedabad,2010-03-28,Rajasthan Royals,Chennai Super Kings,Rajasthan Royals,bat,normal,0,Rajasthan Royals,17,0,NV Ojha,"Sardar Patel Stadium, Motera",SS Hazare,SJA Taufel,
141,2010,Delhi,2010-03-29,Delhi Daredevils,Kolkata Knight Riders,Delhi Daredevils,bat,normal,0,Delhi Daredevils,40,0,DA Warner,Feroz Shah Kotla,SS Hazare,SJA Taufel,
142,2010,Mumbai,2010-03-30,Kings XI Punjab,Mumbai Indians,Mumbai Indians,field,normal,0,Mumbai Indians,0,4,SL Malinga,Brabourne Stadium,BR Doctrove,SK Tarapore,
143,2010,Chennai,2010-03-31,Royal Challengers Bangalore,Chennai Super Kings,Royal Challengers Bangalore,bat,normal,0,Chennai Super Kings,0,5,M Vijay,"MA Chidambaram Stadium, Chepauk",BG Jerling,RE Koertzen,
144,2010,Delhi,2010-03-31,Delhi Daredevils,Rajasthan Royals,Delhi Daredevils,bat,normal,0,Delhi Daredevils,67,0,KD Karthik,Feroz Shah Kotla,HDPK Dharmasena,SJA Taufel,
146,2010,Chandigarh,2010-04-02,Kings XI Punjab,Royal Challengers Bangalore,Kings XI Punjab,bat,normal,0,Royal Challengers Bangalore,0,6,KP Pietersen,"Punjab Cricket Association Stadium, Mohali",BF Bowden,M Erasmus,
147,2010,Chennai,2010-04-03,Chennai Super Kings,Rajasthan Royals,Chennai Super Kings,bat,normal,0,Chennai Super Kings,23,0,M Vijay,"MA Chidambaram Stadium, Chepauk",RE Koertzen,RB Tiffin,
149,2010,Kolkata,2010-04-04,Kolkata Knight Riders,Kings XI Punjab,Kolkata Knight Riders,bat,normal,0,Kings XI Punjab,0,8,DPMD Jayawardene,Eden Gardens,S Asnani,DJ Harper,
150,2010,Delhi,2010-04-04,Delhi Daredevils,Royal Challengers Bangalore,Delhi Daredevils,bat,normal,0,Delhi Daredevils,37,0,PD Collingwood,Feroz Shah Kotla,BF Bowden,M Erasmus,
152,2010,Chennai,2010-04-06,Chennai Super Kings,Mumbai Indians,Chennai Super Kings,bat,normal,0,Chennai Super Kings,24,0,SK Raina,"MA Chidambaram Stadium, Chepauk",S Asnani,DJ Harper,
153,2010,Jaipur,2010-04-07,Kings XI Punjab,Rajasthan Royals,Kings XI Punjab,bat,normal,0,Rajasthan Royals,0,9,MJ Lumb,Sawai Mansingh Stadium,S Ravi,SK Tarapore,
154,2010,Kolkata,2010-04-07,Kolkata Knight Riders,Delhi Daredevils,Kolkata Knight Riders,bat,normal,0,Kolkata Knight Riders,14,0,SC Ganguly,Eden Gardens,BG Jerling,RE Koertzen,
156,2010,Chandigarh,2010-04-09,Mumbai Indians,Kings XI Punjab,Mumbai Indians,bat,normal,0,Kings XI Punjab,0,6,KC Sangakkara,"Punjab Cricket Association Stadium, Mohali",M Erasmus,AM Saheba,
158,2010,Bangalore,2010-04-10,Kolkata Knight Riders,Royal Challengers Bangalore,Royal Challengers Bangalore,field,normal,0,Royal Challengers Bangalore,0,7,R Vinay Kumar,M Chinnaswamy Stadium,K Hariharan,DJ Harper,
159,2010,Delhi,2010-04-11,Delhi Daredevils,Kings XI Punjab,Delhi Daredevils,bat,normal,0,Kings XI Punjab,0,7,PP Chawla,Feroz Shah Kotla,BF Bowden,AM Saheba,
160,2010,Jaipur,2010-04-11,Mumbai Indians,Rajasthan Royals,Rajasthan Royals,field,normal,0,Mumbai Indians,37,0,SR Tendulkar,Sawai Mansingh Stadium,BR Doctrove,SK Tarapore,
162,2010,Mumbai,2010-04-13,Mumbai Indians,Delhi Daredevils,Mumbai Indians,bat,normal,0,Mumbai Indians,39,0,KA Pollard,Brabourne Stadium,S Asnani,DJ Harper,
163,2010,Chennai,2010-04-13,Kolkata Knight Riders,Chennai Super Kings,Kolkata Knight Riders,bat,normal,0,Chennai Super Kings,0,9,R Ashwin,"MA Chidambaram Stadium, Chepauk",SS Hazare,SJA Taufel,
164,2010,Jaipur,2010-04-14,Rajasthan Royals,Royal Challengers Bangalore,Rajasthan Royals,bat,normal,0,Royal Challengers Bangalore,0,5,KP Pietersen,Sawai Mansingh Stadium,BR Doctrove,S Ravi,
165,2010,Chennai,2010-04-15,Chennai Super Kings,Delhi Daredevils,Chennai Super Kings,bat,normal,0,Delhi Daredevils,0,6,G Gambhir,"MA Chidambaram Stadium, Chepauk",HDPK Dharmasena,SS Hazare,
167,2010,Bangalore,2010-04-17,Mumbai Indians,Royal Challengers Bangalore,Royal Challengers Bangalore,field,normal,0,Mumbai Indians,57,0,R McLaren,M Chinnaswamy Stadium,HDPK Dharmasena,SJA Taufel,
168,2010,Kolkata,2010-04-17,Rajasthan Royals,Kolkata Knight Riders,Rajasthan Royals,bat,normal,0,Kolkata Knight Riders,0,8,JD Unadkat,Eden Gardens,BG Jerling,RB Tiffin,
169,2010,Dharamsala,2010-04-18,Kings XI Punjab,Chennai Super Kings,Chennai Super Kings,field,normal,0,Chennai Super Kings,0,6,MS Dhoni,Himachal Pradesh Cricket Association Stadium,BF Bowden,AM Saheba,
171,2010,Kolkata,2010-04-19,Mumbai Indians,Kolkata Knight Riders,Mumbai Indians,bat,normal,0,Kolkata Knight Riders,0,9,M Kartik,Eden Gardens,BG Jerling,RE Koertzen,
172,2010,Mumbai,2010-04-21,Mumbai Indians,Royal Challengers Bangalore,Mumbai Indians,bat,normal,0,Mumbai Indians,35,0,KA Pollard,Dr DY Patil Sports Academy,BR Doctrove,RB Tiffin,
175,2010,Mumbai,2010-04-25,Chennai Super Kings,Mumbai Indians,Chennai Super Kings,bat,normal,0,Chennai Super Kings,22,0,SK Raina,Dr DY Patil Sports Academy,RE Koertzen,SJA Taufel,
176,2011,Chennai,2011-04-08,Chennai Super Kings,Kolkata Knight Riders,Chennai Super Kings,bat,normal,0,Chennai Super Kings,2,0,S Anirudha,"MA Chidambaram Stadium, Chepauk",BR Doctrove,PR Reiffel,
179,2011,Delhi,2011-04-10,Delhi Daredevils,Mumbai Indians,Delhi Daredevils,bat,normal,0,Mumbai Indians,0,8,SL Malinga,Feroz Shah Kotla,AM Saheba,RB Tiffin,
182,2011,Jaipur,2011-04-12,Delhi Daredevils,Rajasthan Royals,Delhi Daredevils,bat,normal,0,Rajasthan Royals,0,6,SK Warne,Sawai Mansingh Stadium,Aleem Dar,RB Tiffin,
183,2011,Bangalore,2011-04-12,Royal Challengers Bangalore,Mumbai Indians,Mumbai Indians,field,normal,0,Mumbai Indians,0,9,SR Tendulkar,M Chinnaswamy Stadium,HDPK Dharmasena,AL Hill,
184,2011,Chandigarh,2011-04-13,Chennai Super Kings,Kings XI Punjab,Kings XI Punjab,field,normal,0,Kings XI Punjab,0,6,PC Valthaty,"Punjab Cricket Association Stadium, Mohali",Asad Rauf,SL Shastri,
187,2011,Jaipur,2011-04-15,Rajasthan Royals,Kolkata Knight Riders,Kolkata Knight Riders,field,normal,0,Kolkata Knight Riders,0,9,G Gambhir,Sawai Mansingh Stadium,Aleem Dar,SS Hazare,
189,2011,Chennai,2011-04-16,Chennai Super Kings,Royal Challengers Bangalore,Chennai Super Kings,bat,normal,0,Chennai Super Kings,21,0,MEK Hussey,"MA Chidambaram Stadium, Chepauk",HDPK Dharmasena,AL Hill,
192,2011,Kolkata,2011-04-17,Rajasthan Royals,Kolkata Knight Riders,Kolkata Knight Riders,field,normal,0,Kolkata Knight Riders,0,8,L Balaji,Eden Gardens,Aleem Dar,RB Tiffin,
197,2011,Chandigarh,2011-04-21,Kings XI Punjab,Rajasthan Royals,Rajasthan Royals,field,normal,0,Kings XI Punjab,48,0,SE Marsh,"Punjab Cricket Association Stadium, Mohali",S Asnani,PR Reiffel,
198,2011,Mumbai,2011-04-22,Mumbai Indians,Chennai Super Kings,Chennai Super Kings,field,normal,0,Mumbai Indians,8,0,Harbhajan Singh,Wankhede Stadium,Asad Rauf,AM Saheba,
199,2011,Kolkata,2011-04-22,Kolkata Knight Riders,Royal Challengers Bangalore,Royal Challengers Bangalore,field,normal,0,Royal Challengers Bangalore,0,9,CH Gayle,Eden Gardens,SS Hazare,RB Tiffin,
200,2011,Delhi,2011-04-23,Delhi Daredevils,Kings XI Punjab,Kings XI Punjab,field,normal,0,Delhi Daredevils,29,0,DA Warner,Feroz Shah Kotla,S Asnani,RE Koertzen,
204,2011,Delhi,2011-04-26,Delhi Daredevils,Royal Challengers Bangalore,Royal Challengers Bangalore,field,normal,0,Royal Challengers Bangalore,0,3,V Kohli,Feroz Shah Kotla,S Asnani,RJ Tucker,
207,2011,Delhi,2011-04-28,Kolkata Knight Riders,Delhi Daredevils,Delhi Daredevils,field,normal,0,Kolkata Knight Riders,17,0,MK Tiwary,Feroz Shah Kotla,PR Reiffel,RJ Tucker,
208,2011,Jaipur,2011-04-29,Mumbai Indians,Rajasthan Royals,Rajasthan Royals,field,normal,0,Rajasthan Royals,0,7,J Botha,Sawai Mansingh Stadium,Asad Rauf,SK Tarapore,
211,2011,Kolkata,2011-04-30,Kings XI Punjab,Kolkata Knight Riders,Kolkata Knight Riders,field,normal,0,Kolkata Knight Riders,0,8,Iqbal Abdulla,Eden Gardens,AM Saheba,SL Shastri,
214,2011,Mumbai,2011-05-02,Mumbai Indians,Kings XI Punjab,Kings XI Punjab,field,normal,0,Mumbai Indians,23,0,KA Pollard,Wankhede Stadium,HDPK Dharmasena,PR Reiffel,
217,2011,Chennai,2011-05-04,Rajasthan Royals,Chennai Super Kings,Rajasthan Royals,bat,normal,0,Chennai Super Kings,0,8,MEK Hussey,"MA Chidambaram Stadium, Chepauk",SS Hazare,RB Tiffin,
221,2011,Bangalore,2011-05-06,Royal Challengers Bangalore,Kings XI Punjab,Kings XI Punjab,field,normal,0,Royal Challengers Bangalore,85,0,CH Gayle,M Chinnaswamy Stadium,Aleem Dar,RB Tiffin,
223,2011,Mumbai,2011-05-07,Mumbai Indians,Delhi Daredevils,Delhi Daredevils,field,normal,0,Mumbai Indians,32,0,AT Rayudu,Wankhede Stadium,K Hariharan,SJA Taufel,
226,2011,Jaipur,2011-05-09,Chennai Super Kings,Rajasthan Royals,Rajasthan Royals,field,normal,0,Chennai Super Kings,63,0,M Vijay,Sawai Mansingh Stadium,K Hariharan,SJA Taufel,
228,2011,Chandigarh,2011-05-10,Kings XI Punjab,Mumbai Indians,Mumbai Indians,field,normal,0,Kings XI Punjab,76,0,BA Bhatt,"Punjab Cricket Association Stadium, Mohali",SK Tarapore,RJ Tucker,
229,2011,Jaipur,2011-05-11,Rajasthan Royals,Royal Challengers Bangalore,Royal Challengers Bangalore,field,normal,0,Royal Challengers Bangalore,0,9,S Aravind,Sawai Mansingh Stadium,HDPK Dharmasena,K Hariharan,
230,2011,Chennai,2011-05-12,Chennai Super Kings,Delhi Daredevils,Chennai Super Kings,bat,normal,0,Chennai Super Kings,18,0,MS Dhoni,"MA Chidambaram Stadium, Chepauk",AM Saheba,SL Shastri,
234,2011,Dharamsala,2011-05-15,Kings XI Punjab,Delhi Daredevils,Delhi Daredevils,field,normal,0,Kings XI Punjab,29,0,PP Chawla,Himachal Pradesh Cricket Association Stadium,Asad Rauf,SL Shastri,
237,2011,Dharamsala,2011-05-17,Kings XI Punjab,Royal Challengers Bangalore,Kings XI Punjab,bat,normal,0,Kings XI Punjab,111,0,AC Gilchrist,Himachal Pradesh Cricket Association Stadium,Asad Rauf,AM Saheba,
240,2011,Mumbai,2011-05-20,Mumbai Indians,Rajasthan Royals,Mumbai Indians,bat,normal,0,Rajasthan Royals,0,10,SR Watson,Wankhede Stadium,RE Koertzen,PR Reiffel,
243,2011,Bangalore,2011-05-22,Chennai Super Kings,Royal Challengers Bangalore,Royal Challengers Bangalore,field,normal,0,Royal Challengers Bangalore,0,8,CH Gayle,M Chinnaswamy Stadium,K Hariharan,RE Koertzen,
244,2011,Kolkata,2011-05-22,Kolkata Knight Riders,Mumbai Indians,Mumbai Indians,field,normal,0,Mumbai Indians,0,5,JEC Franklin,Eden Gardens,SK Tarapore,SJA Taufel,
245,2011,Mumbai,2011-05-24,Royal Challengers Bangalore,Chennai Super Kings,Chennai Super Kings,field,normal,0,Chennai Super Kings,0,6,SK Raina,Wankhede Stadium,Asad Rauf,SJA Taufel,
246,2011,Mumbai,2011-05-25,Kolkata Knight Riders,Mumbai Indians,Mumbai Indians,field,normal,0,Mumbai Indians,0,4,MM Patel,Wankhede Stadium,Asad Rauf,SJA Taufel,
247,2011,Chennai,2011-05-27,Royal Challengers Bangalore,Mumbai Indians,Mumbai Indians,field,normal,0,Royal Challengers Bangalore,43,0,CH Gayle,"MA Chidambaram Stadium, Chepauk",Asad Rauf,SJA Taufel,
248,2011,Chennai,2011-05-28,Chennai Super Kings,Royal Challengers Bangalore,Chennai Super Kings,bat,normal,0,Chennai Super Kings,58,0,M Vijay,"MA Chidambaram Stadium, Chepauk",Asad Rauf,SJA Taufel,
249,2012,Chennai,2012-04-04,Chennai Super Kings,Mumbai Indians,Mumbai Indians,field,normal,0,Mumbai Indians,0,8,RE Levi,"MA Chidambaram Stadium, Chepauk",JD Cloete,SJA Taufel,
250,2012,Kolkata,2012-04-05,Kolkata Knight Riders,Delhi Daredevils,Delhi Daredevils,field,normal,0,Delhi Daredevils,0,8,IK Pathan,Eden Gardens,S Asnani,HDPK Dharmasena,
252,2012,Jaipur,2012-04-06,Rajasthan Royals,Kings XI Punjab,Kings XI Punjab,field,normal,0,Rajasthan Royals,31,0,AM Rahane,Sawai Mansingh Stadium,BF Bowden,SK Tarapore,
253,2012,Bangalore,2012-04-07,Royal Challengers Bangalore,Delhi Daredevils,Delhi Daredevils,field,normal,0,Royal Challengers Bangalore,20,0,AB de Villiers,M Chinnaswamy Stadium,S Asnani,S Ravi,
255,2012,Jaipur,2012-04-08,Rajasthan Royals,Kolkata Knight Riders,Kolkata Knight Riders,field,normal,0,Rajasthan Royals,22,0,BJ Hodge,Sawai Mansingh Stadium,BF Bowden,VA Kulkarni,
258,2012,Bangalore,2012-04-10,Kolkata Knight Riders,Royal Challengers Bangalore,Royal Challengers Bangalore,field,normal,0,Kolkata Knight Riders,42,0,L Balaji,M Chinnaswamy Stadium,S Ravi,RJ Tucker,
259,2012,Delhi,2012-04-10,Chennai Super Kings,Delhi Daredevils,Delhi Daredevils,field,normal,0,Delhi Daredevils,0,8,M Morkel,Feroz Shah Kotla,Asad Rauf,SK Tarapore,
260,2012,Mumbai,2012-04-11,Mumbai Indians,Rajasthan Royals,Rajasthan Royals,field,normal,0,Mumbai Indians,27,0,KA Pollard,Wankhede Stadium,Aleem Dar,BNJ Oxenford,
261,2012,Chennai,2012-04-12,Royal Challengers Bangalore,Chennai Super Kings,Royal Challengers Bangalore,bat,normal,0,Chennai Super Kings,0,5,F du Plessis,"MA Chidambaram Stadium, Chepauk",HDPK Dharmasena,RJ Tucker,
263,2012,Kolkata,2012-04-13,Rajasthan Royals,Kolkata Knight Riders,Rajasthan Royals,bat,normal,0,Kolkata Knight Riders,0,5,Shakib Al Hasan,Eden Gardens,Asad Rauf,S Asnani,
266,2012,Kolkata,2012-04-15,Kings XI Punjab,Kolkata Knight Riders,Kolkata Knight Riders,field,normal,0,Kings XI Punjab,2,0,SP Narine,Eden Gardens,Asad Rauf,S Asnani,
267,2012,Bangalore,2012-04-15,Rajasthan Royals,Royal Challengers Bangalore,Rajasthan Royals,bat,normal,0,Rajasthan Royals,59,0,AM Rahane,M Chinnaswamy Stadium,JD Cloete,RJ Tucker,
268,2012,Mumbai,2012-04-16,Mumbai Indians,Delhi Daredevils,Delhi Daredevils,field,normal,0,Delhi Daredevils,0,7,S Nadeem,Wankhede Stadium,BF Bowden,SK Tarapore,
271,2012,Chandigarh,2012-04-18,Kings XI Punjab,Kolkata Knight Riders,Kings XI Punjab,bat,normal,0,Kolkata Knight Riders,0,8,G Gambhir,"Punjab Cricket Association Stadium, Mohali",JD Cloete,RJ Tucker,
274,2012,Chandigarh,2012-04-20,Kings XI Punjab,Royal Challengers Bangalore,Royal Challengers Bangalore,field,normal,0,Royal Challengers Bangalore,0,5,CH Gayle,"Punjab Cricket Association Stadium, Mohali",S Ravi,RJ Tucker,
275,2012,Chennai,2012-04-21,Rajasthan Royals,Chennai Super Kings,Rajasthan Royals,bat,normal,0,Chennai Super Kings,0,7,F du Plessis,"MA Chidambaram Stadium, Chepauk",Aleem Dar,BNJ Oxenford,
277,2012,Mumbai,2012-04-22,Mumbai Indians,Kings XI Punjab,Mumbai Indians,bat,normal,0,Kings XI Punjab,0,6,SE Marsh,Wankhede Stadium,S Ravi,RJ Tucker,
279,2012,Jaipur,2012-04-23,Royal Challengers Bangalore,Rajasthan Royals,Rajasthan Royals,field,normal,0,Royal Challengers Bangalore,46,0,AB de Villiers,Sawai Mansingh Stadium,Asad Rauf,S Asnani,
281,2012,Chandigarh,2012-04-25,Kings XI Punjab,Mumbai Indians,Kings XI Punjab,bat,normal,0,Mumbai Indians,0,4,AT Rayudu,"Punjab Cricket Association Stadium, Mohali",Aleem Dar,BNJ Oxenford,
283,2012,Delhi,2012-04-27,Delhi Daredevils,Mumbai Indians,Mumbai Indians,field,normal,0,Delhi Daredevils,37,0,V Sehwag,Feroz Shah Kotla,Aleem Dar,BNJ Oxenford,
284,2012,Chennai,2012-04-28,Kings XI Punjab,Chennai Super Kings,Kings XI Punjab,bat,normal,0,Kings XI Punjab,7,0,Mandeep Singh,"MA Chidambaram Stadium, Chepauk",BF Bowden,SK Tarapore,
285,2012,Kolkata,2012-04-28,Kolkata Knight Riders,Royal Challengers Bangalore,Kolkata Knight Riders,bat,normal,0,Kolkata Knight Riders,47,0,G Gambhir,Eden Gardens,Asad Rauf,BR Doctrove,
286,2012,Delhi,2012-04-29,Delhi Daredevils,Rajasthan Royals,Delhi Daredevils,bat,normal,0,Delhi Daredevils,1,0,V Sehwag,Feroz Shah Kotla,S Ravi,RJ Tucker,
288,2012,Chennai,2012-04-30,Chennai Super Kings,Kolkata Knight Riders,Chennai Super Kings,bat,normal,0,Kolkata Knight Riders,0,5,G Gambhir,"MA Chidambaram Stadium, Chepauk",BF Bowden,C Shamshuddin,
290,2012,Jaipur,2012-05-01,Rajasthan Royals,Delhi Daredevils,Rajasthan Royals,bat,normal,0,Delhi Daredevils,0,6,P Negi,Sawai Mansingh Stadium,JD Cloete,SJA Taufel,
291,2012,Bangalore,2012-05-02,Royal Challengers Bangalore,Kings XI Punjab,Kings XI Punjab,field,normal,0,Kings XI Punjab,0,4,Azhar Mahmood,M Chinnaswamy Stadium,BF Bowden,C Shamshuddin,
295,2012,Chandigarh,2012-05-05,Rajasthan Royals,Kings XI Punjab,Rajasthan Royals,bat,normal,0,Rajasthan Royals,43,0,SR Watson,"Punjab Cricket Association Stadium, Mohali",JD Cloete,SJA Taufel,
296,2012,Mumbai,2012-05-06,Chennai Super Kings,Mumbai Indians,Mumbai Indians,field,normal,0,Mumbai Indians,0,2,DR Smith,Wankhede Stadium,Asad Rauf,S Asnani,
298,2012,Delhi,2012-05-07,Delhi Daredevils,Kolkata Knight Riders,Delhi Daredevils,bat,normal,0,Kolkata Knight Riders,0,6,JH Kallis,Feroz Shah Kotla,JD Cloete,S Ravi,
301,2012,Mumbai,2012-05-09,Mumbai Indians,Royal Challengers Bangalore,Royal Challengers Bangalore,field,normal,0,Royal Challengers Bangalore,0,9,CH Gayle,Wankhede Stadium,BF Bowden,VA Kulkarni,
302,2012,Jaipur,2012-05-10,Rajasthan Royals,Chennai Super Kings,Chennai Super Kings,field,normal,0,Chennai Super Kings,0,4,BW Hilfenhaus,Sawai Mansingh Stadium,BNJ Oxenford,C Shamshuddin,
304,2012,Kolkata,2012-05-12,Mumbai Indians,Kolkata Knight Riders,Mumbai Indians,bat,normal,0,Mumbai Indians,27,0,RG Sharma,Eden Gardens,S Ravi,SJA Taufel,
305,2012,Chennai,2012-05-12,Delhi Daredevils,Chennai Super Kings,Chennai Super Kings,field,normal,0,Chennai Super Kings,0,9,BW Hilfenhaus,"MA Chidambaram Stadium, Chepauk",S Das,BR Doctrove,
308,2012,Bangalore,2012-05-14,Royal Challengers Bangalore,Mumbai Indians,Mumbai Indians,field,normal,0,Mumbai Indians,0,5,AT Rayudu,M Chinnaswamy Stadium,S Das,BR Doctrove,
309,2012,Kolkata,2012-05-14,Kolkata Knight Riders,Chennai Super Kings,Chennai Super Kings,field,normal,0,Chennai Super Kings,0,5,MEK Hussey,Eden Gardens,JD Cloete,SJA Taufel,
310,2012,Delhi,2012-05-15,Kings XI Punjab,Delhi Daredevils,Kings XI Punjab,bat,normal,0,Delhi Daredevils,0,5,UT Yadav,Feroz Shah Kotla,HDPK Dharmasena,BNJ Oxenford,
311,2012,Mumbai,2012-05-16,Kolkata Knight Riders,Mumbai Indians,Mumbai Indians,field,normal,0,Kolkata Knight Riders,32,0,SP Narine,Wankhede Stadium,S Das,BR Doctrove,
312,2012,Dharamsala,2012-05-17,Chennai Super Kings,Kings XI Punjab,Kings XI Punjab,field,normal,0,Kings XI Punjab,0,6,AC Gilchrist,Himachal Pradesh Cricket Association Stadium,VA Kulkarni,SK Tarapore,
313,2012,Delhi,2012-05-17,Royal Challengers Bangalore,Delhi Daredevils,Delhi Daredevils,field,normal,0,Royal Challengers Bangalore,21,0,CH Gayle,Feroz Shah Kotla,HDPK Dharmasena,C Shamshuddin,
315,2012,Dharamsala,2012-05-19,Kings XI Punjab,Delhi Daredevils,Delhi Daredevils,field,normal,0,Delhi Daredevils,0,6,UT Yadav,Himachal Pradesh Cricket Association Stadium,BF Bowden,VA Kulkarni,
318,2012,Jaipur,2012-05-20,Rajasthan Royals,Mumbai Indians,Rajasthan Royals,bat,normal,0,Mumbai Indians,0,10,DR Smith,Sawai Mansingh Stadium,HDPK Dharmasena,C Shamshuddin,
319,2012,Pune,2012-05-22,Kolkata Knight Riders,Delhi Daredevils,Kolkata Knight Riders,bat,normal,0,Kolkata Knight Riders,18,0,YK Pathan,Subrata Roy Sahara Stadium,BR Doctrove,SJA Taufel,
320,2012,Bangalore,2012-05-23,Chennai Super Kings,Mumbai Indians,Mumbai Indians,field,normal,0,Chennai Super Kings,38,0,MS Dhoni,M Chinnaswamy Stadium,BF Bowden,HDPK Dharmasena,
321,2012,Chennai,2012-05-25,Chennai Super Kings,Delhi Daredevils,Delhi Daredevils,field,normal,0,Chennai Super Kings,86,0,M Vijay,"MA Chidambaram Stadium, Chepauk",BR Doctrove,SJA Taufel,
322,2012,Chennai,2012-05-27,Chennai Super Kings,Kolkata Knight Riders,Chennai Super Kings,bat,normal,0,Kolkata Knight Riders,0,5,MS Bisla,"MA Chidambaram Stadium, Chepauk",BF Bowden,SJA Taufel,
323,2013,Kolkata,2013-04-03,Delhi Daredevils,Kolkata Knight Riders,Kolkata Knight Riders,field,normal,0,Kolkata Knight Riders,0,6,SP Narine,Eden Gardens,S Ravi,SJA Taufel,
324,2013,Bangalore,2013-04-04,Royal Challengers Bangalore,Mumbai Indians,Mumbai Indians,field,normal,0,Royal Challengers Bangalore,2,0,CH Gayle,M Chinnaswamy Stadium,VA Kulkarni,C Shamshuddin,
326,2013,Delhi,2013-04-06,Rajasthan Royals,Delhi Daredevils,Rajasthan Royals,bat,normal,0,Rajasthan Royals,5,0,R Dravid,Feroz Shah Kotla,S Das,C Shamshuddin,
327,2013,Chennai,2013-04-06,Mumbai Indians,Chennai Super Kings,Mumbai Indians,bat,normal,0,Mumbai Indians,9,0,KA Pollard,"MA Chidambaram Stadium, Chepauk",M Erasmus,VA Kulkarni,
330,2013,Jaipur,2013-04-08,Rajasthan Royals,Kolkata Knight Riders,Kolkata Knight Riders,field,normal,0,Rajasthan Royals,19,0,SK Trivedi,Sawai Mansingh Stadium,Aleem Dar,S Das,
331,2013,Mumbai,2013-04-09,Mumbai Indians,Delhi Daredevils,Mumbai Indians,bat,normal,0,Mumbai Indians,44,0,KD Karthik,Wankhede Stadium,M Erasmus,VA Kulkarni,
332,2013,Chandigarh,2013-04-10,Kings XI Punjab,Chennai Super Kings,Chennai Super Kings,field,normal,0,Chennai Super Kings,0,10,MEK Hussey,"Punjab Cricket Association Stadium, Mohali",Aleem Dar,C Shamshuddin,
333,2013,Bangalore,2013-04-11,Kolkata Knight Riders,Royal Challengers Bangalore,Royal Challengers Bangalore,field,normal,0,Royal Challengers Bangalore,0,8,CH Gayle,M Chinnaswamy Stadium,Asad Rauf,AK Chowdhary,
337,2013,Chennai,2013-04-13,Royal Challengers Bangalore,Chennai Super Kings,Chennai Super Kings,field,normal,0,Chennai Super Kings,0,4,RA Jadeja,"MA Chidambaram Stadium, Chepauk",Asad Rauf,AK Chowdhary,
339,2013,Jaipur,2013-04-14,Kings XI Punjab,Rajasthan Royals,Rajasthan Royals,field,normal,0,Rajasthan Royals,0,6,JP Faulkner,Sawai Mansingh Stadium,Aleem Dar,C Shamshuddin,
341,2013,Chandigarh,2013-04-16,Kings XI Punjab,Kolkata Knight Riders,Kolkata Knight Riders,field,normal,0,Kings XI Punjab,4,0,MS Gony,"Punjab Cricket Association Stadium, Mohali",CK Nandan,SJA Taufel,
344,2013,Jaipur,2013-04-17,Rajasthan Royals,Mumbai Indians,Rajasthan Royals,bat,normal,0,Rajasthan Royals,87,0,AM Rahane,Sawai Mansingh Stadium,Aleem Dar,C Shamshuddin,
345,2013,Delhi,2013-04-18,Chennai Super Kings,Delhi Daredevils,Chennai Super Kings,bat,normal,0,Chennai Super Kings,86,0,MEK Hussey,Feroz Shah Kotla,M Erasmus,VA Kulkarni,
347,2013,Kolkata,2013-04-20,Kolkata Knight Riders,Chennai Super Kings,Kolkata Knight Riders,bat,normal,0,Chennai Super Kings,0,4,RA Jadeja,Eden Gardens,Asad Rauf,AK Chaudhary,
348,2013,Bangalore,2013-04-20,Rajasthan Royals,Royal Challengers Bangalore,Royal Challengers Bangalore,field,normal,0,Royal Challengers Bangalore,0,7,R Vinay Kumar,M Chinnaswamy Stadium,Aleem Dar,C Shamshuddin,
349,2013,Delhi,2013-04-21,Mumbai Indians,Delhi Daredevils,Mumbai Indians,bat,normal,0,Delhi Daredevils,0,9,V Sehwag,Feroz Shah Kotla,HDPK Dharmasena,S Ravi,
351,2013,Chennai,2013-04-22,Rajasthan Royals,Chennai Super Kings,Rajasthan Royals,bat,normal,0,Chennai Super Kings,0,5,MEK Hussey,"MA Chidambaram Stadium, Chepauk",S Asnani,AK Chaudhary,
353,2013,Dharamsala,2013-05-16,Kings XI Punjab,Delhi Daredevils,Delhi Daredevils,field,normal,0,Kings XI Punjab,7,0,DA Miller,Himachal Pradesh Cricket Association Stadium,HDPK Dharmasena,S Ravi,
354,2013,Kolkata,2013-04-24,Kolkata Knight Riders,Mumbai Indians,Kolkata Knight Riders,bat,normal,0,Mumbai Indians,0,5,DR Smith,Eden Gardens,HDPK Dharmasena,S Ravi,
356,2013,Kolkata,2013-04-26,Kings XI Punjab,Kolkata Knight Riders,Kings XI Punjab,bat,normal,0,Kolkata Knight Riders,0,6,JH Kallis,Eden Gardens,CK Nandan,S Ravi,
358,2013,Mumbai,2013-04-27,Mumbai Indians,Royal Challengers Bangalore,Mumbai Indians,bat,normal,0,Mumbai Indians,58,0,DR Smith,Wankhede Stadium,Asad Rauf,S Asnani,
359,2013,Chennai,2013-04-28,Chennai Super Kings,Kolkata Knight Riders,Kolkata Knight Riders,field,normal,0,Chennai Super Kings,14,0,MEK Hussey,"MA Chidambaram Stadium, Chepauk",Aleem Dar,SJA Taufel,
361,2013,Jaipur,2013-04-29,Royal Challengers Bangalore,Rajasthan Royals,Rajasthan Royals,field,normal,0,Rajasthan Royals,0,4,SV Samson,Sawai Mansingh Stadium,M Erasmus,K Srinath,
362,2013,Mumbai,2013-04-29,Mumbai Indians,Kings XI Punjab,Mumbai Indians,bat,normal,0,Mumbai Indians,4,0,RG Sharma,Wankhede Stadium,Asad Rauf,AK Chaudhary,
365,2013,Raipur,2013-05-01,Kolkata Knight Riders,Delhi Daredevils,Kolkata Knight Riders,bat,normal,0,Delhi Daredevils,0,7,DA Warner,Shaheed Veer Narayan Singh International Stadium,HDPK Dharmasena,CK Nandan,
366,2013,Chennai,2013-05-02,Chennai Super Kings,Kings XI Punjab,Chennai Super Kings,bat,normal,0,Chennai Super Kings,15,0,SK Raina,"MA Chidambaram Stadium, Chepauk",M Erasmus,VA Kulkarni,
368,2013,Kolkata,2013-05-03,Rajasthan Royals,Kolkata Knight Riders,Rajasthan Royals,bat,normal,0,Kolkata Knight Riders,0,8,YK Pathan,Eden Gardens,HDPK Dharmasena,CK Nandan,
370,2013,Bangalore,2013-05-14,Royal Challengers Bangalore,Kings XI Punjab,Kings XI Punjab,field,normal,0,Kings XI Punjab,0,7,AC Gilchrist,M Chinnaswamy Stadium,HDPK Dharmasena,S Ravi,
371,2013,Mumbai,2013-05-05,Mumbai Indians,Chennai Super Kings,Mumbai Indians,bat,normal,0,Mumbai Indians,60,0,MG Johnson,Wankhede Stadium,HDPK Dharmasena,CK Nandan,
374,2013,Jaipur,2013-05-07,Delhi Daredevils,Rajasthan Royals,Delhi Daredevils,bat,normal,0,Rajasthan Royals,0,9,AM Rahane,Sawai Mansingh Stadium,Aleem Dar,RJ Tucker,
375,2013,Mumbai,2013-05-07,Mumbai Indians,Kolkata Knight Riders,Mumbai Indians,bat,normal,0,Mumbai Indians,65,0,SR Tendulkar,Wankhede Stadium,HDPK Dharmasena,S Ravi,
377,2013,Chandigarh,2013-05-09,Kings XI Punjab,Rajasthan Royals,Rajasthan Royals,field,normal,0,Rajasthan Royals,0,8,KK Cooper,"Punjab Cricket Association Stadium, Mohali",HDPK Dharmasena,S Ravi,
379,2013,Delhi,2013-05-10,Royal Challengers Bangalore,Delhi Daredevils,Delhi Daredevils,field,normal,0,Royal Challengers Bangalore,4,0,JD Unadkat,Feroz Shah Kotla,NJ Llong,K Srinath,
382,2013,Ranchi,2013-05-12,Royal Challengers Bangalore,Kolkata Knight Riders,Kolkata Knight Riders,field,normal,0,Kolkata Knight Riders,0,5,JH Kallis,JSCA International Stadium Complex,NJ Llong,K Srinath,
383,2013,Jaipur,2013-05-12,Chennai Super Kings,Rajasthan Royals,Rajasthan Royals,field,normal,0,Rajasthan Royals,0,5,SR Watson,Sawai Mansingh Stadium,HDPK Dharmasena,CK Nandan,
384,2013,Delhi,2013-04-23,Delhi Daredevils,Kings XI Punjab,Kings XI Punjab,field,normal,0,Kings XI Punjab,0,5,Harmeet Singh,Feroz Shah Kotla,VA Kulkarni,K Srinath,
387,2013,Chennai,2013-05-14,Chennai Super Kings,Delhi Daredevils,Chennai Super Kings,bat,normal,0,Chennai Super Kings,33,0,MS Dhoni,"MA Chidambaram Stadium, Chepauk",C Shamshuddin,RJ Tucker,
388,2013,Mumbai,2013-05-15,Mumbai Indians,Rajasthan Royals,Rajasthan Royals,field,normal,0,Mumbai Indians,14,0,AP Tare,Wankhede Stadium,Asad Rauf,S Asnani,
389,2013,Chandigarh,2013-05-06,Royal Challengers Bangalore,Kings XI Punjab,Kings XI Punjab,field,normal,0,Kings XI Punjab,0,6,DA Miller,"Punjab Cricket Association Stadium, Mohali",VA Kulkarni,NJ Llong,
391,2013,Dharamsala,2013-05-18,Kings XI Punjab,Mumbai Indians,Mumbai Indians,field,normal,0,Kings XI Punjab,50,0,Azhar Mahmood,Himachal Pradesh Cricket Association Stadium,HDPK Dharmasena,CK Nandan,
393,2013,Bangalore,2013-05-18,Royal Challengers Bangalore,Chennai Super Kings,Chennai Super Kings,field,normal,0,Royal Challengers Bangalore,24,0,V Kohli,M Chinnaswamy Stadium,C Shamshuddin,RJ Tucker,
395,2013,Delhi,2013-05-21,Chennai Super Kings,Mumbai Indians,Chennai Super Kings,bat,normal,0,Chennai Super Kings,48,0,MEK Hussey,Feroz Shah Kotla,NJ Llong,RJ Tucker,
397,2013,Kolkata,2013-05-24,Rajasthan Royals,Mumbai Indians,Rajasthan Royals,bat,normal,0,Mumbai Indians,0,4,Harbhajan Singh,Eden Gardens,C Shamshuddin,SJA Taufel,
398,2013,Kolkata,2013-05-26,Mumbai Indians,Chennai Super Kings,Mumbai Indians,bat,normal,0,Mumbai Indians,23,0,KA Pollard,Eden Gardens,HDPK Dharmasena,SJA Taufel,
399,2014,Abu Dhabi,2014-04-16,Kolkata Knight Riders,Mumbai Indians,Kolkata Knight Riders,bat,normal,0,Kolkata Knight Riders,41,0,JH Kallis,Sheikh Zayed Stadium,M Erasmus,RK Illingworth,
400,2014,Sharjah,2014-04-17,Delhi Daredevils,Royal Challengers Bangalore,Royal Challengers Bangalore,field,normal,0,Royal Challengers Bangalore,0,8,YS Chahal,Sharjah Cricket Stadium,Aleem Dar,S Ravi,
401,2014,Abu Dhabi,2014-04-18,Chennai Super Kings,Kings XI Punjab,Chennai Super Kings,bat,normal,0,Kings XI Punjab,0,6,GJ Maxwell,Sheikh Zayed Stadium,RK Illingworth,C Shamshuddin,
403,2014,,2014-04-19,Mumbai Indians,Royal Challengers Bangalore,Royal Challengers Bangalore,field,normal,0,Royal Challengers Bangalore,0,7,PA Patel,Dubai International Cricket Stadium,Aleem Dar,AK Chaudhary,
404,2014,,2014-04-19,Kolkata Knight Riders,Delhi Daredevils,Kolkata Knight Riders,bat,normal,0,Delhi Daredevils,0,4,JP Duminy,Dubai International Cricket Stadium,Aleem Dar,VA Kulkarni,
405,2014,Sharjah,2014-04-20,Rajasthan Royals,Kings XI Punjab,Kings XI Punjab,field,normal,0,Kings XI Punjab,0,7,GJ Maxwell,Sharjah Cricket Stadium,BF Bowden,M Erasmus,
406,2014,Abu Dhabi,2014-04-21,Chennai Super Kings,Delhi Daredevils,Chennai Super Kings,bat,normal,0,Chennai Super Kings,93,0,SK Raina,Sheikh Zayed Stadium,RK Illingworth,C Shamshuddin,
408,2014,,2014-04-23,Chennai Super Kings,Rajasthan Royals,Rajasthan Royals,field,normal,0,Chennai Super Kings,7,0,RA Jadeja,Dubai International Cricket Stadium,HDPK Dharmasena,RK Illingworth,
409,2014,Sharjah,2014-04-24,Kolkata Knight Riders,Royal Challengers Bangalore,Royal Challengers Bangalore,field,normal,0,Kolkata Knight Riders,2,0,CA Lynn,Sharjah Cricket Stadium,Aleem Dar,VA Kulkarni,
411,2014,,2014-04-25,Mumbai Indians,Chennai Super Kings,Mumbai Indians,bat,normal,0,Chennai Super Kings,0,7,MM Sharma,Dubai International Cricket Stadium,BF Bowden,M Erasmus,
412,2014,Abu Dhabi,2014-04-26,Royal Challengers Bangalore,Rajasthan Royals,Rajasthan Royals,field,normal,0,Rajasthan Royals,0,6,PV Tambe,Sheikh Zayed Stadium,HDPK Dharmasena,C Shamshuddin,
413,2014,Abu Dhabi,2014-04-26,Kings XI Punjab,Kolkata Knight Riders,Kolkata Knight Riders,field,normal,0,Kings XI Punjab,23,0,Sandeep Sharma,Sheikh Zayed Stadium,HDPK Dharmasena,RK Illingworth,
414,2014,Sharjah,2014-04-27,Mumbai Indians,Delhi Daredevils,Mumbai Indians,bat,normal,0,Delhi Daredevils,0,6,M Vijay,Sharjah Cricket Stadium,Aleem Dar,VA Kulkarni,
416,2014,,2014-04-28,Royal Challengers Bangalore,Kings XI Punjab,Kings XI Punjab,field,normal,0,Kings XI Punjab,0,5,Sandeep Sharma,Dubai International Cricket Stadium,BF Bowden,S Ravi,
419,2014,Ranchi,2014-05-02,Chennai Super Kings,Kolkata Knight Riders,Chennai Super Kings,bat,normal,0,Chennai Super Kings,34,0,RA Jadeja,JSCA International Stadium Complex,AK Chaudhary,NJ Llong,
420,2014,Mumbai,2014-05-03,Kings XI Punjab,Mumbai Indians,Kings XI Punjab,bat,normal,0,Mumbai Indians,0,5,CJ Anderson,Wankhede Stadium,BNJ Oxenford,C Shamshuddin,
421,2014,Delhi,2014-05-03,Delhi Daredevils,Rajasthan Royals,Rajasthan Royals,field,normal,0,Rajasthan Royals,0,7,KK Nair,Feroz Shah Kotla,SS Hazare,S Ravi,
423,2014,Ahmedabad,2014-05-05,Rajasthan Royals,Kolkata Knight Riders,Kolkata Knight Riders,field,normal,0,Rajasthan Royals,10,0,PV Tambe,"Sardar Patel Stadium, Motera",NJ Llong,CK Nandan,
424,2014,Delhi,2014-05-05,Delhi Daredevils,Chennai Super Kings,Chennai Super Kings,field,normal,0,Chennai Super Kings,0,8,DR Smith,Feroz Shah Kotla,RM Deshpande,BNJ Oxenford,
425,2014,Mumbai,2014-05-06,Mumbai Indians,Royal Challengers Bangalore,Royal Challengers Bangalore,field,normal,0,Mumbai Indians,19,0,RG Sharma,Wankhede Stadium,S Ravi,K Srinath,
426,2014,Delhi,2014-05-07,Delhi Daredevils,Kolkata Knight Riders,Delhi Daredevils,bat,normal,0,Kolkata Knight Riders,0,8,G Gambhir,Feroz Shah Kotla,BNJ Oxenford,C Shamshuddin,
427,2014,Cuttack,2014-05-07,Kings XI Punjab,Chennai Super Kings,Chennai Super Kings,field,normal,0,Kings XI Punjab,44,0,GJ Maxwell,Barabati Stadium,HDPK Dharmasena,PG Pathak,
429,2014,Bangalore,2014-05-09,Kings XI Punjab,Royal Challengers Bangalore,Royal Challengers Bangalore,field,normal,0,Kings XI Punjab,32,0,Sandeep Sharma,M Chinnaswamy Stadium,S Ravi,K Srinath,
431,2014,Mumbai,2014-05-10,Mumbai Indians,Chennai Super Kings,Chennai Super Kings,field,normal,0,Chennai Super Kings,0,4,DR Smith,Wankhede Stadium,HDPK Dharmasena,VA Kulkarni,
432,2014,Cuttack,2014-05-11,Kings XI Punjab,Kolkata Knight Riders,Kolkata Knight Riders,field,normal,0,Kolkata Knight Riders,0,9,G Gambhir,Barabati Stadium,NJ Llong,CK Nandan,
433,2014,Bangalore,2014-05-11,Royal Challengers Bangalore,Rajasthan Royals,Royal Challengers Bangalore,bat,normal,0,Rajasthan Royals,0,5,JP Faulkner,M Chinnaswamy Stadium,S Ravi,RJ Tucker,
435,2014,Ranchi,2014-05-13,Rajasthan Royals,Chennai Super Kings,Rajasthan Royals,bat,normal,0,Chennai Super Kings,0,5,RA Jadeja,JSCA International Stadium Complex,BNJ Oxenford,C Shamshuddin,
436,2014,Bangalore,2014-05-13,Royal Challengers Bangalore,Delhi Daredevils,Delhi Daredevils,field,normal,0,Royal Challengers Bangalore,16,0,Yuvraj Singh,M Chinnaswamy Stadium,K Srinath,RJ Tucker,
438,2014,Cuttack,2014-05-14,Mumbai Indians,Kolkata Knight Riders,Kolkata Knight Riders,field,normal,0,Kolkata Knight Riders,0,6,RV Uthappa,Barabati Stadium,AK Chaudhary,NJ Llong,
439,2014,Ahmedabad,2014-05-15,Rajasthan Royals,Delhi Daredevils,Delhi Daredevils,field,normal,0,Rajasthan Royals,62,0,AM Rahane,"Sardar Patel Stadium, Motera",S Ravi,RJ Tucker,
440,2014,Ranchi,2014-05-18,Chennai Super Kings,Royal Challengers Bangalore,Chennai Super Kings,bat,normal,0,Royal Challengers Bangalore,0,5,AB de Villiers,JSCA International Stadium Complex,BNJ Oxenford,C Shamshuddin,
442,2014,Ahmedabad,2014-05-19,Mumbai Indians,Rajasthan Royals,Mumbai Indians,bat,normal,0,Mumbai Indians,25,0,MEK Hussey,"Sardar Patel Stadium, Motera",S Ravi,RJ Tucker,
443,2014,Delhi,2014-05-19,Delhi Daredevils,Kings XI Punjab,Kings XI Punjab,field,normal,0,Kings XI Punjab,0,4,AR Patel,Feroz Shah Kotla,HDPK Dharmasena,PG Pathak,
445,2014,Kolkata,2014-05-20,Chennai Super Kings,Kolkata Knight Riders,Kolkata Knight Riders,field,normal,0,Kolkata Knight Riders,0,8,RV Uthappa,Eden Gardens,RM Deshpande,C Shamshuddin,
446,2014,Chandigarh,2014-05-21,Kings XI Punjab,Mumbai Indians,Mumbai Indians,field,normal,0,Mumbai Indians,0,7,LMP Simmons,"Punjab Cricket Association Stadium, Mohali",HDPK Dharmasena,VA Kulkarni,
447,2014,Kolkata,2014-05-22,Kolkata Knight Riders,Royal Challengers Bangalore,Royal Challengers Bangalore,field,normal,0,Kolkata Knight Riders,30,0,RV Uthappa,Eden Gardens,AK Chaudhary,CK Nandan,
449,2014,Mumbai,2014-05-23,Mumbai Indians,Delhi Daredevils,Delhi Daredevils,field,normal,0,Mumbai Indians,15,0,MEK Hussey,Wankhede Stadium,S Ravi,RJ Tucker,
450,2014,Chandigarh,2014-05-23,Kings XI Punjab,Rajasthan Royals,Rajasthan Royals,field,normal,0,Kings XI Punjab,16,0,SE Marsh,"Punjab Cricket Association Stadium, Mohali",HDPK Dharmasena,PG Pathak,
451,2014,Bangalore,2014-05-24,Royal Challengers Bangalore,Chennai Super Kings,Chennai Super Kings,field,normal,0,Chennai Super Kings,0,8,MS Dhoni,M Chinnaswamy Stadium,AK Chaudhary,NJ Llong,
453,2014,Chandigarh,2014-05-25,Delhi Daredevils,Kings XI Punjab,Kings XI Punjab,field,normal,0,Kings XI Punjab,0,7,M Vohra,"Punjab Cricket Association Stadium, Mohali",HDPK Dharmasena,VA Kulkarni,
454,2014,Mumbai,2014-05-25,Rajasthan Royals,Mumbai Indians,Mumbai Indians,field,normal,0,Mumbai Indians,0,5,CJ Anderson,Wankhede Stadium,K Srinath,RJ Tucker,
455,2014,Kolkata,2014-05-27,Kolkata Knight Riders,Kings XI Punjab,Kings XI Punjab,field,normal,0,Kolkata Knight Riders,28,0,UT Yadav,Eden Gardens,NJ Llong,S Ravi,
456,2014,Mumbai,2014-05-28,Mumbai Indians,Chennai Super Kings,Chennai Super Kings,field,normal,0,Chennai Super Kings,0,7,SK Raina,Brabourne Stadium,VA Kulkarni,BNJ Oxenford,
457,2014,Mumbai,2014-05-30,Kings XI Punjab,Chennai Super Kings,Chennai Super Kings,field,normal,0,Kings XI Punjab,24,0,V Sehwag,Wankhede Stadium,HDPK Dharmasena,RJ Tucker,
458,2014,Bangalore,2014-06-01,Kings XI Punjab,Kolkata Knight Riders,Kolkata Knight Riders,field,normal,0,Kolkata Knight Riders,0,3,MK Pandey,M Chinnaswamy Stadium,HDPK Dharmasena,BNJ Oxenford,
459,2015,Kolkata,2015-04-08,Mumbai Indians,Kolkata Knight Riders,Kolkata Knight Riders,field,normal,0,Kolkata Knight Riders,0,7,M Morkel,Eden Gardens,S Ravi,C Shamshuddin,
460,2015,Chennai,2015-04-09,Chennai Super Kings,Delhi Daredevils,Delhi Daredevils,field,normal,0,Chennai Super Kings,1,0,A Nehra,"MA Chidambaram Stadium, Chepauk",RK Illingworth,VA Kulkarni,
461,2015,Pune,2015-04-10,Rajasthan Royals,Kings XI Punjab,Kings XI Punjab,field,normal,0,Rajasthan Royals,26,0,JP Faulkner,Maharashtra Cricket Association Stadium,SD Fry,CB Gaffaney,
463,2015,Kolkata,2015-04-11,Kolkata Knight Riders,Royal Challengers Bangalore,Royal Challengers Bangalore,field,normal,0,Royal Challengers Bangalore,0,3,CH Gayle,Eden Gardens,S Ravi,C Shamshuddin,
464,2015,Delhi,2015-04-12,Delhi Daredevils,Rajasthan Royals,Rajasthan Royals,field,normal,0,Rajasthan Royals,0,3,DJ Hooda,Feroz Shah Kotla,SD Fry,CB Gaffaney,
465,2015,Mumbai,2015-04-12,Kings XI Punjab,Mumbai Indians,Mumbai Indians,field,normal,0,Kings XI Punjab,18,0,GJ Bailey,Wankhede Stadium,AK Chaudhary,K Srinivasan,
467,2015,Ahmedabad,2015-04-14,Mumbai Indians,Rajasthan Royals,Mumbai Indians,bat,normal,0,Rajasthan Royals,0,7,SPD Smith,"Sardar Patel Stadium, Motera",AK Chaudhary,SD Fry,
468,2015,Kolkata,2015-04-30,Chennai Super Kings,Kolkata Knight Riders,Kolkata Knight Riders,field,normal,0,Kolkata Knight Riders,0,7,AD Russell,Eden Gardens,AK Chaudhary,M Erasmus,
469,2015,Pune,2015-04-15,Kings XI Punjab,Delhi Daredevils,Kings XI Punjab,bat,normal,0,Delhi Daredevils,0,5,MA Agarwal,Maharashtra Cricket Association Stadium,CB Gaffaney,K Srinath,
471,2015,Mumbai,2015-04-17,Mumbai Indians,Chennai Super Kings,Mumbai Indians,bat,normal,0,Chennai Super Kings,0,6,A Nehra,Wankhede Stadium,AK Chaudhary,M Erasmus,
473,2015,Pune,2015-04-18,Kings XI Punjab,Kolkata Knight Riders,Kolkata Knight Riders,field,normal,0,Kolkata Knight Riders,0,4,AD Russell,Maharashtra Cricket Association Stadium,SD Fry,CK Nandan,
474,2015,Ahmedabad,2015-04-19,Chennai Super Kings,Rajasthan Royals,Chennai Super Kings,bat,normal,0,Rajasthan Royals,0,8,AM Rahane,"Sardar Patel Stadium, Motera",AK Chaudhary,M Erasmus,
475,2015,Bangalore,2015-04-19,Mumbai Indians,Royal Challengers Bangalore,Royal Challengers Bangalore,field,normal,0,Mumbai Indians,18,0,Harbhajan Singh,M Chinnaswamy Stadium,RK Illingworth,VA Kulkarni,
476,2015,Delhi,2015-04-20,Delhi Daredevils,Kolkata Knight Riders,Kolkata Knight Riders,field,normal,0,Kolkata Knight Riders,0,6,UT Yadav,Feroz Shah Kotla,SD Fry,CB Gaffaney,
479,2015,Bangalore,2015-04-22,Chennai Super Kings,Royal Challengers Bangalore,Royal Challengers Bangalore,field,normal,0,Chennai Super Kings,27,0,SK Raina,M Chinnaswamy Stadium,JD Cloete,C Shamshuddin,
480,2015,Delhi,2015-04-23,Delhi Daredevils,Mumbai Indians,Mumbai Indians,field,normal,0,Delhi Daredevils,37,0,SS Iyer,Feroz Shah Kotla,SD Fry,CK Nandan,
481,2015,Ahmedabad,2015-04-24,Rajasthan Royals,Royal Challengers Bangalore,Royal Challengers Bangalore,field,normal,0,Royal Challengers Bangalore,0,9,MA Starc,"Sardar Patel Stadium, Motera",M Erasmus,S Ravi,
483,2015,Chennai,2015-04-25,Chennai Super Kings,Kings XI Punjab,Chennai Super Kings,bat,normal,0,Chennai Super Kings,97,0,BB McCullum,"MA Chidambaram Stadium, Chepauk",JD Cloete,C Shamshuddin,
484,2015,Delhi,2015-04-26,Delhi Daredevils,Royal Challengers Bangalore,Royal Challengers Bangalore,field,normal,0,Royal Challengers Bangalore,0,10,VR Aaron,Feroz Shah Kotla,M Erasmus,S Ravi,
486,2015,Kolkata,2015-05-07,Kolkata Knight Riders,Delhi Daredevils,Kolkata Knight Riders,bat,normal,0,Kolkata Knight Riders,13,0,PP Chawla,Eden Gardens,AK Chaudhary,M Erasmus,
488,2015,Chennai,2015-04-28,Chennai Super Kings,Kolkata Knight Riders,Kolkata Knight Riders,field,normal,0,Chennai Super Kings,2,0,DJ Bravo,"MA Chidambaram Stadium, Chepauk",RM Deshpande,VA Kulkarni,
489,2015,Delhi,2015-05-01,Kings XI Punjab,Delhi Daredevils,Delhi Daredevils,field,normal,0,Delhi Daredevils,0,9,NM Coulter-Nile,Feroz Shah Kotla,RK Illingworth,S Ravi,
490,2015,Mumbai,2015-05-01,Mumbai Indians,Rajasthan Royals,Rajasthan Royals,field,normal,0,Mumbai Indians,8,0,AT Rayudu,Wankhede Stadium,HDPK Dharmasena,CK Nandan,
491,2015,Bangalore,2015-05-02,Kolkata Knight Riders,Royal Challengers Bangalore,Royal Challengers Bangalore,field,normal,0,Royal Challengers Bangalore,0,7,Mandeep Singh,M Chinnaswamy Stadium,JD Cloete,PG Pathak,
493,2015,Chandigarh,2015-05-03,Mumbai Indians,Kings XI Punjab,Mumbai Indians,bat,normal,0,Mumbai Indians,23,0,LMP Simmons,"Punjab Cricket Association Stadium, Mohali",RK Illingworth,VA Kulkarni,
494,2015,Mumbai,2015-05-03,Rajasthan Royals,Delhi Daredevils,Delhi Daredevils,field,normal,0,Rajasthan Royals,14,0,AM Rahane,Brabourne Stadium,HDPK Dharmasena,CB Gaffaney,
495,2015,Chennai,2015-05-04,Chennai Super Kings,Royal Challengers Bangalore,Chennai Super Kings,bat,normal,0,Chennai Super Kings,24,0,SK Raina,"MA Chidambaram Stadium, Chepauk",C Shamshuddin,K Srinath,
497,2015,Mumbai,2015-05-05,Delhi Daredevils,Mumbai Indians,Delhi Daredevils,bat,normal,0,Mumbai Indians,0,5,Harbhajan Singh,Wankhede Stadium,HDPK Dharmasena,CB Gaffaney,
498,2015,Bangalore,2015-05-06,Royal Challengers Bangalore,Kings XI Punjab,Kings XI Punjab,field,normal,0,Royal Challengers Bangalore,138,0,CH Gayle,M Chinnaswamy Stadium,RK Illingworth,VA Kulkarni,
500,2015,Chennai,2015-05-08,Chennai Super Kings,Mumbai Indians,Chennai Super Kings,bat,normal,0,Mumbai Indians,0,6,HH Pandya,"MA Chidambaram Stadium, Chepauk",CB Gaffaney,CK Nandan,
501,2015,Kolkata,2015-05-09,Kings XI Punjab,Kolkata Knight Riders,Kings XI Punjab,bat,normal,0,Kolkata Knight Riders,0,1,AD Russell,Eden Gardens,AK Chaudhary,HDPK Dharmasena,
503,2015,Mumbai,2015-05-10,Royal Challengers Bangalore,Mumbai Indians,Royal Challengers Bangalore,bat,normal,0,Royal Challengers Bangalore,39,0,AB de Villiers,Wankhede Stadium,JD Cloete,C Shamshuddin,
504,2015,Chennai,2015-05-10,Chennai Super Kings,Rajasthan Royals,Chennai Super Kings,bat,normal,0,Chennai Super Kings,12,0,RA Jadeja,"MA Chidambaram Stadium, Chepauk",M Erasmus,CK Nandan,
506,2015,Raipur,2015-05-12,Chennai Super Kings,Delhi Daredevils,Chennai Super Kings,bat,normal,0,Delhi Daredevils,0,6,Z Khan,Shaheed Veer Narayan Singh International Stadium,RK Illingworth,VA Kulkarni,
507,2015,Chandigarh,2015-05-13,Kings XI Punjab,Royal Challengers Bangalore,Royal Challengers Bangalore,field,normal,0,Kings XI Punjab,22,0,AR Patel,"Punjab Cricket Association Stadium, Mohali",JD Cloete,C Shamshuddin,
508,2015,Mumbai,2015-05-14,Mumbai Indians,Kolkata Knight Riders,Kolkata Knight Riders,field,normal,0,Mumbai Indians,5,0,HH Pandya,Wankhede Stadium,RK Illingworth,VA Kulkarni,
510,2015,Chandigarh,2015-05-16,Kings XI Punjab,Chennai Super Kings,Kings XI Punjab,bat,normal,0,Chennai Super Kings,0,7,P Negi,"Punjab Cricket Association Stadium, Mohali",CK Nandan,C Shamshuddin,
511,2015,Mumbai,2015-05-16,Rajasthan Royals,Kolkata Knight Riders,Rajasthan Royals,bat,normal,0,Rajasthan Royals,9,0,SR Watson,Brabourne Stadium,RM Deshpande,RK Illingworth,
514,2015,Mumbai,2015-05-19,Mumbai Indians,Chennai Super Kings,Mumbai Indians,bat,normal,0,Mumbai Indians,25,0,KA Pollard,Wankhede Stadium,HDPK Dharmasena,RK Illingworth,
515,2015,Pune,2015-05-20,Royal Challengers Bangalore,Rajasthan Royals,Royal Challengers Bangalore,bat,normal,0,Royal Challengers Bangalore,71,0,AB de Villiers,Maharashtra Cricket Association Stadium,AK Chaudhary,C Shamshuddin,
516,2015,Ranchi,2015-05-22,Royal Challengers Bangalore,Chennai Super Kings,Chennai Super Kings,field,normal,0,Chennai Super Kings,0,3,A Nehra,JSCA International Stadium Complex,AK Chaudhary,CB Gaffaney,
517,2015,Kolkata,2015-05-24,Mumbai Indians,Chennai Super Kings,Chennai Super Kings,field,normal,0,Mumbai Indians,41,0,RG Sharma,Eden Gardens,HDPK Dharmasena,RK Illingworth,
