	id	season	city	date	team1	team2	toss_winner	toss_decision	result	dl_applied	winner	win_by_runs	win_by_wickets	player_of_match	venue	umpire1	umpire2	umpire3	team1Winning	Avg_SR_Difference	Avg_WPR_Difference	Total_MVP_Difference	Prev_Enc_Team1_WinPerc	Total_RF_Difference
0	1	2008	Bangalore	2008-04-18	Kolkata Knight Riders	Royal Challengers Bangalore	Royal Challengers Bangalore	field	normal	0	Kolkata Knight Riders	140	0	BB McCullum	M Chinnaswamy Stadium	Asad Rauf	RE Koertzen		1		0.0	0	0.0	0.0
1	2	2008	Chandigarh	2008-04-19	Chennai Super Kings	Kings XI Punjab	Chennai Super Kings	bat	normal	0	Chennai Super Kings	33	0	MEK Hussey	Punjab Cricket Association Stadium, Mohali	MR Benson	SL Shastri		1		0.0	0	0.0	0.0
2	3	2008	Delhi	2008-04-19	Rajasthan Royals	Delhi Daredevils	Rajasthan Royals	bat	normal	0	Delhi Daredevils	0	9	MF Maharoof	Feroz Shah Kotla	Aleem Dar	GA Pratapkumar		0		0.0	0	0.0	0.0
3	4	2008	Mumbai	2008-04-20	Mumbai Indians	Royal Challengers Bangalore	Mumbai Indians	bat	normal	0	Royal Challengers Bangalore	0	5	MV Boucher	Wankhede Stadium	SJ Davis	DJ Harper		0		-1.13866396761	0	0.0	0.0
5	6	2008	Jaipur	2008-04-21	Kings XI Punjab	Rajasthan Royals	Kings XI Punjab	bat	normal	0	Rajasthan Royals	0	6	SR Watson	Sawai Mansingh Stadium	Aleem Dar	RB Tiffin		0	55.665974892	1.41478558174	0	0.0	0.0
7	8	2008	Chennai	2008-04-23	Chennai Super Kings	Mumbai Indians	Mumbai Indians	field	normal	0	Chennai Super Kings	6	0	ML Hayden	MA Chidambaram Stadium, Chepauk	DJ Harper	GA Pratapkumar		1	6.13573446391	-1.59136812012	1	0.0	100.0
9	10	2008	Chandigarh	2008-04-25	Kings XI Punjab	Mumbai Indians	Mumbai Indians	field	normal	0	Kings XI Punjab	66	0	KC Sangakkara	Punjab Cricket Association Stadium, Mohali	Aleem Dar	AM Saheba		1	4.66684430088	-0.601904418887	0	0.0	0.0
10	11	2008	Bangalore	2008-04-26	Royal Challengers Bangalore	Rajasthan Royals	Rajasthan Royals	field	normal	0	Rajasthan Royals	0	7	SR Watson	M Chinnaswamy Stadium	MR Benson	IL Howell		0	25.3887426791	-0.0158426073519	0	0.0	0.0
11	12	2008	Chennai	2008-04-26	Kolkata Knight Riders	Chennai Super Kings	Kolkata Knight Riders	bat	normal	0	Chennai Super Kings	0	9	JDP Oram	MA Chidambaram Stadium, Chepauk	BF Bowden	AV Jayaprakash		0	-28.4386175419	8.23086064263	0	0.0	0.0
13	14	2008	Chandigarh	2008-04-27	Delhi Daredevils	Kings XI Punjab	Delhi Daredevils	bat	normal	0	Kings XI Punjab	0	4	SM Katich	Punjab Cricket Association Stadium, Mohali	RE Koertzen	I Shivram		0	41.2217305047	1.3047197756	0	0.0	66.6666666667
14	15	2008	Bangalore	2008-04-28	Chennai Super Kings	Royal Challengers Bangalore	Chennai Super Kings	bat	normal	0	Chennai Super Kings	13	0	MS Dhoni	M Chinnaswamy Stadium	BR Doctrove	RB Tiffin		1	37.2330688522	0.436102873845	2	0.0	66.6666666667
15	16	2008	Kolkata	2008-04-29	Kolkata Knight Riders	Mumbai Indians	Kolkata Knight Riders	bat	normal	0	Mumbai Indians	0	7	ST Jayasuriya	Eden Gardens	BF Bowden	AV Jayaprakash		0	-13.5822482325	1.83384499879	1	0.0	50.0
16	17	2008	Delhi	2008-04-30	Delhi Daredevils	Royal Challengers Bangalore	Royal Challengers Bangalore	field	normal	0	Delhi Daredevils	10	0	GD McGrath	Feroz Shah Kotla	Aleem Dar	I Shivram		1	15.293648499	2.0581015763	-1	0.0	16.6666666667
18	19	2008	Jaipur	2008-05-01	Rajasthan Royals	Kolkata Knight Riders	Rajasthan Royals	bat	normal	0	Rajasthan Royals	45	0	SA Asnodkar	Sawai Mansingh Stadium	RE Koertzen	GA Pratapkumar		1	40.069299595	-1.38255868728	2	0.0	33.3333333333
19	20	2008	Chennai	2008-05-02	Chennai Super Kings	Delhi Daredevils	Chennai Super Kings	bat	normal	0	Delhi Daredevils	0	8	V Sehwag	MA Chidambaram Stadium, Chepauk	BF Bowden	K Hariharan		0	-6.5293040293	0.116417077883	0	0.0	33.3333333333
21	22	2008	Chandigarh	2008-05-03	Kings XI Punjab	Kolkata Knight Riders	Kings XI Punjab	bat	normal	0	Kings XI Punjab	9	0	IK Pathan	Punjab Cricket Association Stadium, Mohali	DJ Harper	I Shivram		1	60.2760898651	0.380394874901	1	0.0	66.6666666667
22	23	2008	Mumbai	2008-05-04	Mumbai Indians	Delhi Daredevils	Delhi Daredevils	field	normal	0	Mumbai Indians	29	0	SM Pollock	Dr DY Patil Sports Academy	IL Howell	RE Koertzen		1	-36.7595772672	-0.140660076457	-1	0.0	-33.3333333333
23	24	2008	Jaipur	2008-05-04	Chennai Super Kings	Rajasthan Royals	Chennai Super Kings	bat	normal	0	Rajasthan Royals	0	8	Sohail Tanvir	Sawai Mansingh Stadium	Asad Rauf	AV Jayaprakash		0	-3.74088629822	-1.54554838932	-2	0.0	-33.3333333333
24	25	2008	Bangalore	2008-05-05	Royal Challengers Bangalore	Kings XI Punjab	Kings XI Punjab	field	normal	0	Kings XI Punjab	0	6	S Sreesanth	M Chinnaswamy Stadium	SJ Davis	BR Doctrove		0	-29.9194819642	-1.73246856232	-1	0.0	-100.0
26	27	2008	Mumbai	2008-05-07	Rajasthan Royals	Mumbai Indians	Mumbai Indians	field	normal	0	Mumbai Indians	0	7	A Nehra	Dr DY Patil Sports Academy	DJ Harper	RE Koertzen		0	-1.15086917071	1.6814558121	2	0.0	33.3333333333
27	28	2008	Delhi	2008-05-08	Delhi Daredevils	Chennai Super Kings	Chennai Super Kings	field	normal	0	Chennai Super Kings	0	4	MS Dhoni	Feroz Shah Kotla	Aleem Dar	RB Tiffin		0	4.15734462013	0.525676954421	1	100.0	33.3333333333
28	29	2008	Kolkata	2008-05-08	Kolkata Knight Riders	Royal Challengers Bangalore	Kolkata Knight Riders	bat	normal	0	Kolkata Knight Riders	5	0	SC Ganguly	Eden Gardens	Asad Rauf	IL Howell		1	-11.7209574481	2.15470780437	-1	100.0	0.0
30	31	2008	Bangalore	2008-05-28	Royal Challengers Bangalore	Mumbai Indians	Mumbai Indians	field	normal	0	Mumbai Indians	0	9	CRD Fernando	M Chinnaswamy Stadium	BF Bowden	AV Jayaprakash		0	-12.7950798168	-3.12374270186	-2	100.0	-100.0
31	32	2008	Chennai	2008-05-10	Chennai Super Kings	Kings XI Punjab	Kings XI Punjab	field	normal	0	Chennai Super Kings	18	0	L Balaji	MA Chidambaram Stadium, Chepauk	AV Jayaprakash	BG Jerling		1	15.0908537952	-2.4204660895	0	100.0	-66.6666666667
33	34	2008	Jaipur	2008-05-11	Delhi Daredevils	Rajasthan Royals	Rajasthan Royals	field	normal	0	Rajasthan Royals	0	3	SR Watson	Sawai Mansingh Stadium	SJ Davis	RE Koertzen		0	16.9657408915	1.29244255759	1	100.0	-33.3333333333
34	35	2008	Chandigarh	2008-05-12	Royal Challengers Bangalore	Kings XI Punjab	Royal Challengers Bangalore	bat	normal	0	Kings XI Punjab	0	9	SE Marsh	Punjab Cricket Association Stadium, Mohali	BR Doctrove	I Shivram		0	-39.2549793267	-1.53313985539	-1	0.0	-66.6666666667
35	36	2008	Kolkata	2008-05-13	Kolkata Knight Riders	Delhi Daredevils	Kolkata Knight Riders	bat	normal	0	Kolkata Knight Riders	23	0	Shoaib Akhtar	Eden Gardens	Asad Rauf	IL Howell		1	-30.4504481801	-0.948933181311	-2	0.0	33.3333333333
36	37	2008	Mumbai	2008-05-14	Chennai Super Kings	Mumbai Indians	Mumbai Indians	field	normal	0	Mumbai Indians	0	9	ST Jayasuriya	Wankhede Stadium	BR Doctrove	AM Saheba		0	9.39776834897	1.08737952183	0	100.0	-33.3333333333
37	38	2008	Chandigarh	2008-05-28	Kings XI Punjab	Rajasthan Royals	Rajasthan Royals	field	normal	0	Kings XI Punjab	41	0	SE Marsh	Punjab Cricket Association Stadium, Mohali	SJ Davis	K Hariharan		1	5.96513869195	-0.151567127206	0	0.0	0.0
39	40	2008	Mumbai	2008-05-16	Kolkata Knight Riders	Mumbai Indians	Mumbai Indians	field	normal	0	Mumbai Indians	0	8	SM Pollock	Wankhede Stadium	BR Doctrove	DJ Harper		0	-20.2974246555	10.3285660292	-2	0.0	-33.3333333333
41	42	2008	Jaipur	2008-05-17	Rajasthan Royals	Royal Challengers Bangalore	Royal Challengers Bangalore	field	normal	0	Rajasthan Royals	65	0	GC Smith	Sawai Mansingh Stadium	BF Bowden	SL Shastri		1	-1.2293779055	2.96820493151	5	100.0	33.3333333333
44	45	2008	Bangalore	2008-05-19	Royal Challengers Bangalore	Delhi Daredevils	Delhi Daredevils	field	normal	0	Delhi Daredevils	0	5	SP Goswami	M Chinnaswamy Stadium	SJ Davis	GA Pratapkumar		0	-19.0021141451	-1.36768803084	-3	0.0	0.0
45	46	2008	Kolkata	2008-05-20	Kolkata Knight Riders	Rajasthan Royals	Rajasthan Royals	field	normal	0	Rajasthan Royals	0	6	YK Pathan	Eden Gardens	BG Jerling	RE Koertzen		0	-9.50132638235	-1.69975931746	-5	0.0	0.0
46	47	2008	Mumbai	2008-05-21	Kings XI Punjab	Mumbai Indians	Mumbai Indians	field	normal	0	Kings XI Punjab	1	0	SE Marsh	Wankhede Stadium	BF Bowden	GA Pratapkumar		1	17.7798915024	1.96877640429	-2	100.0	-33.3333333333
47	48	2008	Chennai	2008-05-21	Royal Challengers Bangalore	Chennai Super Kings	Royal Challengers Bangalore	bat	normal	0	Royal Challengers Bangalore	14	0	A Kumble	MA Chidambaram Stadium, Chepauk	DJ Harper	I Shivram		1	-3.99600528658	-1.93824504139	-1	0.0	-66.6666666667
49	50	2008	Delhi	2008-05-24	Mumbai Indians	Delhi Daredevils	Delhi Daredevils	field	normal	0	Delhi Daredevils	0	5	KD Karthik	Feroz Shah Kotla	BF Bowden	K Hariharan		0	0.732454348609	0.081078350953	2	100.0	33.3333333333
50	51	2008	Chennai	2008-05-24	Rajasthan Royals	Chennai Super Kings	Rajasthan Royals	bat	normal	0	Rajasthan Royals	10	0	JA Morkel	MA Chidambaram Stadium, Chepauk	DJ Harper	SL Shastri		1	17.6588787476	1.55459991837	1	100.0	33.3333333333
52	53	2008	Kolkata	2008-05-25	Kings XI Punjab	Kolkata Knight Riders	Kings XI Punjab	bat	normal	0	Kolkata Knight Riders	0	3	Umar Gul	Eden Gardens	SJ Davis	I Shivram		0	33.7170996586	0.283611407841	5	100.0	66.6666666667
53	54	2008	Jaipur	2008-05-26	Mumbai Indians	Rajasthan Royals	Rajasthan Royals	field	normal	0	Rajasthan Royals	0	5	Sohail Tanvir	Sawai Mansingh Stadium	BF Bowden	K Hariharan		0	-19.4363943279	1.63527059033	0	100.0	-66.6666666667
55	56	2008	Mumbai	2008-05-30	Rajasthan Royals	Delhi Daredevils	Delhi Daredevils	field	normal	0	Rajasthan Royals	105	0	SR Watson	Wankhede Stadium	BF Bowden	RE Koertzen		1	-10.5767954316	1.42681976339	4	50.0	33.3333333333
56	57	2008	Mumbai	2008-05-31	Kings XI Punjab	Chennai Super Kings	Kings XI Punjab	bat	normal	0	Chennai Super Kings	0	9	M Ntini	Wankhede Stadium	Asad Rauf	DJ Harper		0	18.6292130714	0.586355569751	4	0.0	66.6666666667
57	58	2008	Mumbai	2008-06-01	Chennai Super Kings	Rajasthan Royals	Rajasthan Royals	field	normal	0	Rajasthan Royals	0	3	YK Pathan	Dr DY Patil Sports Academy	BF Bowden	RE Koertzen		0	-22.8194097662	-1.69800170974	-3	0.0	-66.6666666667
58	59	2009	Cape Town	2009-04-18	Mumbai Indians	Chennai Super Kings	Chennai Super Kings	field	normal	0	Mumbai Indians	19	0	SR Tendulkar	Newlands	BR Doctrove	K Hariharan		1	-11.5462287889	1.46177958429	-2	50.0	0.0
59	60	2009	Cape Town	2009-04-18	Royal Challengers Bangalore	Rajasthan Royals	Royal Challengers Bangalore	bat	normal	0	Royal Challengers Bangalore	75	0	R Dravid	Newlands	BR Doctrove	RB Tiffin		1	3.09235285425	-0.787233797196	-3	0.0	0.0
62	63	2009	Port Elizabeth	2009-04-20	Chennai Super Kings	Royal Challengers Bangalore	Chennai Super Kings	bat	normal	0	Chennai Super Kings	92	0	M Muralitharan	St George's Park	BG Jerling	SJA Taufel		1	2.40116741292	1.41158588874	3	50.0	-100.0
65	66	2009	Durban	2009-04-23	Delhi Daredevils	Chennai Super Kings	Delhi Daredevils	bat	normal	0	Delhi Daredevils	9	0	AB de Villiers	Kingsmead	BR Doctrove	SJA Taufel		1	2.75078565469	-2.59402349034	-3	50.0	-50.0
67	68	2009	Durban	2009-04-24	Royal Challengers Bangalore	Kings XI Punjab	Royal Challengers Bangalore	bat	normal	0	Kings XI Punjab	0	7	RS Bopara	Kingsmead	BR Doctrove	TH Wijewardene		0	-37.9843138492	-0.843256940118	0	0.0	50.0
69	70	2009	Port Elizabeth	2009-04-26	Royal Challengers Bangalore	Delhi Daredevils	Royal Challengers Bangalore	bat	normal	0	Delhi Daredevils	0	6	TM Dilshan	St George's Park	S Asnani	BG Jerling		0	-25.5236282968	-1.31034405279	-2	0.0	-66.6666666667
70	71	2009	Cape Town	2009-04-26	Kings XI Punjab	Rajasthan Royals	Kings XI Punjab	bat	normal	0	Kings XI Punjab	27	0	KC Sangakkara	Newlands	M Erasmus	K Hariharan		1	6.32182802111	1.10258481346	-1	50.0	100.0
72	73	2009	Port Elizabeth	2009-04-27	Mumbai Indians	Kolkata Knight Riders	Mumbai Indians	bat	normal	0	Mumbai Indians	92	0	SR Tendulkar	St George's Park	BG Jerling	RB Tiffin		1	17.6657834651	3.93884086614	1	100.0	100.0
73	74	2009	Centurion	2009-04-28	Delhi Daredevils	Rajasthan Royals	Delhi Daredevils	bat	normal	0	Rajasthan Royals	0	5	YK Pathan	SuperSport Park	GAV Baxter	RE Koertzen		0	27.39556712	-1.55325605729	1	33.3333333333	100.0
74	75	2009	Durban	2009-04-29	Kolkata Knight Riders	Royal Challengers Bangalore	Kolkata Knight Riders	bat	normal	0	Royal Challengers Bangalore	0	5	MV Boucher	Kingsmead	MR Benson	TH Wijewardene		0	15.0992399219	-0.409647379058	-1	100.0	0.0
75	76	2009	Durban	2009-04-29	Kings XI Punjab	Mumbai Indians	Kings XI Punjab	bat	normal	0	Kings XI Punjab	3	0	KC Sangakkara	Kingsmead	MR Benson	SL Shastri		1	-0.0706923524731	-3.49200755459	0	100.0	0.0
77	78	2009	Centurion	2009-04-30	Chennai Super Kings	Rajasthan Royals	Rajasthan Royals	field	normal	0	Chennai Super Kings	38	0	SK Raina	SuperSport Park	GAV Baxter	RE Koertzen		1	20.1086024243	-1.8091303666	2	0.0	0.0
78	79	2009	East London	2009-05-01	Mumbai Indians	Kolkata Knight Riders	Mumbai Indians	bat	normal	0	Mumbai Indians	9	0	JP Duminy	Buffalo Park	M Erasmus	SK Tarapore		1	28.1560951532	3.62490963476	2	100.0	66.6666666667
79	80	2009	Durban	2009-05-01	Royal Challengers Bangalore	Kings XI Punjab	Royal Challengers Bangalore	bat	normal	0	Royal Challengers Bangalore	8	0	Yuvraj Singh	Kingsmead	HDPK Dharmasena	S Ravi		1	-31.8540127076	-3.60450511306	-1	0.0	-66.6666666667
81	82	2009	Johannesburg	2009-05-02	Chennai Super Kings	Delhi Daredevils	Delhi Daredevils	field	normal	0	Chennai Super Kings	18	0	SB Jakati	New Wanderers Stadium	DJ Harper	RE Koertzen		1	13.4825939216	-3.69777748215	4	33.3333333333	0.0
82	83	2009	Port Elizabeth	2009-05-03	Kolkata Knight Riders	Kings XI Punjab	Kolkata Knight Riders	bat	normal	0	Kings XI Punjab	0	6	DPMD Jayawardene	St George's Park	S Asnani	MR Benson		0	8.54540750108	-2.7534901225	-4	50.0	-66.6666666667
83	84	2009	Johannesburg	2009-05-03	Mumbai Indians	Royal Challengers Bangalore	Mumbai Indians	bat	normal	0	Royal Challengers Bangalore	0	9	JH Kallis	New Wanderers Stadium	RE Koertzen	TH Wijewardene		0	4.05645634353	5.29013474883	4	50.0	0.0
85	86	2009	Durban	2009-05-05	Rajasthan Royals	Kings XI Punjab	Kings XI Punjab	field	normal	0	Rajasthan Royals	78	0	GC Smith	Kingsmead	SS Hazare	IL Howell		1	14.6133696864	-3.5541478746	-4	33.3333333333	-33.3333333333
86	87	2009	Durban	2009-05-05	Kolkata Knight Riders	Delhi Daredevils	Kolkata Knight Riders	bat	normal	0	Delhi Daredevils	0	9	G Gambhir	Kingsmead	GAV Baxter	IL Howell		0	2.80912481538	-0.869421275489	-1	100.0	-33.3333333333
88	89	2009	Centurion	2009-05-07	Royal Challengers Bangalore	Rajasthan Royals	Rajasthan Royals	field	normal	0	Rajasthan Royals	0	7	A Singh	SuperSport Park	K Hariharan	DJ Harper		0	-35.7446340185	-2.56891736372	0	33.3333333333	33.3333333333
90	91	2009	East London	2009-05-08	Mumbai Indians	Delhi Daredevils	Mumbai Indians	bat	normal	0	Delhi Daredevils	0	7	A Nehra	Buffalo Park	M Erasmus	SK Tarapore		0	-25.7230406598	1.65686613443	-2	50.0	0.0
92	93	2009	Kimberley	2009-05-09	Rajasthan Royals	Chennai Super Kings	Rajasthan Royals	bat	normal	0	Chennai Super Kings	0	7	S Badrinath	De Beers Diamond Oval	GAV Baxter	HDPK Dharmasena		0	5.50260672771	3.12957626895	0	75.0	0.0
93	94	2009	Port Elizabeth	2009-05-10	Mumbai Indians	Royal Challengers Bangalore	Mumbai Indians	bat	normal	0	Mumbai Indians	16	0	JP Duminy	St George's Park	BR Doctrove	BG Jerling		1	-5.32368498309	2.40571568453	0	33.3333333333	-33.3333333333
94	95	2009	Johannesburg	2009-05-10	Kolkata Knight Riders	Delhi Daredevils	Delhi Daredevils	field	normal	0	Delhi Daredevils	0	7	A Mishra	New Wanderers Stadium	SL Shastri	RB Tiffin		0	-7.10493749832	-1.93733387126	-4	50.0	-66.6666666667
96	97	2009	Centurion	2009-05-12	Kolkata Knight Riders	Royal Challengers Bangalore	Royal Challengers Bangalore	field	normal	0	Royal Challengers Bangalore	0	6	LRPL Taylor	SuperSport Park	M Erasmus	SS Hazare		0	-28.5347620885	-0.352939565592	-3	66.6666666667	-33.3333333333
97	98	2009	Centurion	2009-05-12	Kings XI Punjab	Mumbai Indians	Kings XI Punjab	bat	normal	0	Mumbai Indians	0	8	Harbhajan Singh	SuperSport Park	SS Hazare	RE Koertzen		0	4.68850446636	-0.350086370765	1	100.0	0.0
99	100	2009	Durban	2009-05-14	Chennai Super Kings	Royal Challengers Bangalore	Chennai Super Kings	bat	normal	0	Royal Challengers Bangalore	0	2	LRPL Taylor	Kingsmead	BR Doctrove	DJ Harper		0	3.65539358926	3.81913944847	4	66.6666666667	66.6666666667
100	101	2009	Durban	2009-05-14	Rajasthan Royals	Mumbai Indians	Rajasthan Royals	bat	normal	0	Rajasthan Royals	2	0	SK Warne	Kingsmead	BR Doctrove	DJ Harper		1	16.33249848	-1.65364664322	-2	50.0	0.0
101	102	2009	Bloemfontein	2009-05-15	Delhi Daredevils	Kings XI Punjab	Kings XI Punjab	field	normal	0	Kings XI Punjab	0	6	B Lee	OUTsurance Oval	HDPK Dharmasena	IL Howell		0	3.48863882073	0.342183169078	1	0.0	66.6666666667
102	103	2009	Port Elizabeth	2009-05-16	Mumbai Indians	Chennai Super Kings	Mumbai Indians	bat	normal	0	Chennai Super Kings	0	7	ML Hayden	St George's Park	SK Tarapore	SJA Taufel		0	-9.00948770699	0.573595147827	-2	66.6666666667	0.0
105	106	2009	Bloemfontein	2009-05-17	Delhi Daredevils	Rajasthan Royals	Delhi Daredevils	bat	normal	0	Delhi Daredevils	14	0	AB de Villiers	OUTsurance Oval	SS Hazare	IL Howell		1	23.8551400393	-1.85115777986	2	25.0	0.0
106	107	2009	Centurion	2009-05-18	Chennai Super Kings	Kolkata Knight Riders	Chennai Super Kings	bat	normal	0	Kolkata Knight Riders	0	7	BJ Hodge	SuperSport Park	SJA Taufel	RB Tiffin		0	3.25877680902	2.74335412893	5	100.0	66.6666666667
107	108	2009	Johannesburg	2009-05-19	Delhi Daredevils	Royal Challengers Bangalore	Delhi Daredevils	bat	normal	0	Royal Challengers Bangalore	0	7	JH Kallis	New Wanderers Stadium	IL Howell	RB Tiffin		0	8.55968550313	0.907957949141	1	100.0	0.0
108	109	2009	Durban	2009-05-20	Rajasthan Royals	Kolkata Knight Riders	Kolkata Knight Riders	field	normal	0	Kolkata Knight Riders	0	4	LR Shukla	Kingsmead	BG Jerling	SJA Taufel		0	-2.3475911283	2.88521722324	3	100.0	0.0
109	110	2009	Durban	2009-05-20	Chennai Super Kings	Kings XI Punjab	Chennai Super Kings	bat	normal	0	Chennai Super Kings	24	0	M Muralitharan	Kingsmead	BG Jerling	SJA Taufel		1	-3.77438961301	-1.16360127289	-1	100.0	0.0
110	111	2009	Centurion	2009-05-21	Mumbai Indians	Delhi Daredevils	Delhi Daredevils	field	normal	0	Delhi Daredevils	0	4	V Sehwag	SuperSport Park	IL Howell	S Ravi		0	-11.2351217547	-0.25775727996	0	33.3333333333	0.0
113	114	2009	Johannesburg	2009-05-23	Chennai Super Kings	Royal Challengers Bangalore	Royal Challengers Bangalore	field	normal	0	Royal Challengers Bangalore	0	6	MK Pandey	New Wanderers Stadium	RE Koertzen	SJA Taufel		0	37.1111754637	1.2745844905	6	50.0	-33.3333333333
116	117	2010	Mumbai	2010-03-13	Mumbai Indians	Rajasthan Royals	Mumbai Indians	bat	normal	0	Mumbai Indians	4	0	YK Pathan	Brabourne Stadium	RE Koertzen	RB Tiffin		1	1.77264904199	0.192904707818	-1	33.3333333333	0.0
117	118	2010	Chandigarh	2010-03-13	Kings XI Punjab	Delhi Daredevils	Delhi Daredevils	field	normal	0	Delhi Daredevils	0	5	G Gambhir	Punjab Cricket Association Stadium, Mohali	BR Doctrove	S Ravi		0	-14.7177261702	0.517497163492	-1	100.0	0.0
118	119	2010	Kolkata	2010-03-14	Royal Challengers Bangalore	Kolkata Knight Riders	Kolkata Knight Riders	field	normal	0	Kolkata Knight Riders	0	7	MK Tiwary	Eden Gardens	HDPK Dharmasena	AM Saheba		0	-9.38386603247	-2.91990567171	4	50.0	0.0
120	121	2010	Ahmedabad	2010-03-15	Rajasthan Royals	Delhi Daredevils	Delhi Daredevils	field	normal	0	Delhi Daredevils	0	6	V Sehwag	Sardar Patel Stadium, Motera	BG Jerling	RE Koertzen		0	0.476123140008	-0.289610560869	-2	60.0	-100.0
121	122	2010	Bangalore	2010-03-16	Kings XI Punjab	Royal Challengers Bangalore	Kings XI Punjab	bat	normal	0	Royal Challengers Bangalore	0	8	JH Kallis	M Chinnaswamy Stadium	S Das	DJ Harper		0	-6.16013509681	2.06707865919	1	75.0	0.0
122	123	2010	Kolkata	2010-03-16	Chennai Super Kings	Kolkata Knight Riders	Chennai Super Kings	bat	normal	0	Chennai Super Kings	55	0	MS Dhoni	Eden Gardens	HDPK Dharmasena	AM Saheba		1	14.6835344369	0.354566156837	6	50.0	-100.0
123	124	2010	Delhi	2010-03-17	Mumbai Indians	Delhi Daredevils	Delhi Daredevils	field	normal	0	Mumbai Indians	98	0	SR Tendulkar	Feroz Shah Kotla	BR Doctrove	SK Tarapore		1	9.03355118107	-0.299203512532	-4	25.0	0.0
124	125	2010	Bangalore	2010-03-18	Rajasthan Royals	Royal Challengers Bangalore	Royal Challengers Bangalore	field	normal	0	Royal Challengers Bangalore	0	10	JH Kallis	M Chinnaswamy Stadium	K Hariharan	DJ Harper		0	19.8939703754	-0.147891708424	0	75.0	-50.0
125	126	2010	Delhi	2010-03-19	Delhi Daredevils	Chennai Super Kings	Delhi Daredevils	bat	normal	0	Chennai Super Kings	0	5	ML Hayden	Feroz Shah Kotla	BR Doctrove	SK Tarapore		0	-1.21762975547	-2.55137592463	0	50.0	-33.3333333333
127	128	2010	Ahmedabad	2010-03-20	Rajasthan Royals	Kolkata Knight Riders	Rajasthan Royals	bat	normal	0	Rajasthan Royals	34	0	AA Jhunjhunwala	Sardar Patel Stadium, Motera	RE Koertzen	RB Tiffin		1	18.8145463452	0.561796595779	2	66.6666666667	-50.0
128	129	2010	Mumbai	2010-03-20	Mumbai Indians	Royal Challengers Bangalore	Mumbai Indians	bat	normal	0	Royal Challengers Bangalore	0	7	JH Kallis	Brabourne Stadium	HDPK Dharmasena	SS Hazare		0	26.315655802	1.6391059904	0	50.0	33.3333333333
131	132	2010	Mumbai	2010-03-22	Kolkata Knight Riders	Mumbai Indians	Kolkata Knight Riders	bat	normal	0	Mumbai Indians	0	7	SR Tendulkar	Brabourne Stadium	SS Hazare	SJA Taufel		0	-23.5921691825	-0.902250551664	-3	0.0	-33.3333333333
132	133	2010	Bangalore	2010-03-23	Royal Challengers Bangalore	Chennai Super Kings	Chennai Super Kings	field	normal	0	Royal Challengers Bangalore	36	0	RV Uthappa	M Chinnaswamy Stadium	RE Koertzen	RB Tiffin		1	-7.52805662246	-0.82656156679	1	60.0	0.0
133	134	2010	Chandigarh	2010-03-24	Rajasthan Royals	Kings XI Punjab	Kings XI Punjab	field	normal	0	Rajasthan Royals	31	0	AC Voges	Punjab Cricket Association Stadium, Mohali	BR Doctrove	SK Tarapore		1	5.77790548224	1.20172365276	-3	50.0	33.3333333333
134	135	2010	Mumbai	2010-03-25	Chennai Super Kings	Mumbai Indians	Mumbai Indians	field	normal	0	Mumbai Indians	0	5	SR Tendulkar	Brabourne Stadium	BF Bowden	AM Saheba		0	4.89035484307	1.1149205042	5	50.0	0.0
136	137	2010	Chandigarh	2010-03-27	Kolkata Knight Riders	Kings XI Punjab	Kolkata Knight Riders	bat	normal	0	Kolkata Knight Riders	39	0	MK Tiwary	Punjab Cricket Association Stadium, Mohali	BR Doctrove	S Ravi		1	-9.22712208066	-0.990828376709	-6	33.3333333333	0.0
137	138	2010	Bangalore	2010-03-25	Delhi Daredevils	Royal Challengers Bangalore	Royal Challengers Bangalore	field	normal	0	Delhi Daredevils	17	0	KM Jadhav	M Chinnaswamy Stadium	BG Jerling	RE Koertzen		1	16.7737721223	0.610483942376	-4	75.0	-66.6666666667
138	139	2010	Ahmedabad	2010-03-28	Rajasthan Royals	Chennai Super Kings	Rajasthan Royals	bat	normal	0	Rajasthan Royals	17	0	NV Ojha	Sardar Patel Stadium, Motera	SS Hazare	SJA Taufel		1	7.47196646254	-1.8505904955	-5	60.0	33.3333333333
140	141	2010	Delhi	2010-03-29	Delhi Daredevils	Kolkata Knight Riders	Delhi Daredevils	bat	normal	0	Delhi Daredevils	40	0	DA Warner	Feroz Shah Kotla	SS Hazare	SJA Taufel		1	31.563222625	0.146314918122	5	66.6666666667	0.0
141	142	2010	Mumbai	2010-03-30	Kings XI Punjab	Mumbai Indians	Mumbai Indians	field	normal	0	Mumbai Indians	0	4	SL Malinga	Brabourne Stadium	BR Doctrove	SK Tarapore		0	-10.1441473786	-0.0688827311895	2	75.0	-66.6666666667
142	143	2010	Chennai	2010-03-31	Royal Challengers Bangalore	Chennai Super Kings	Royal Challengers Bangalore	bat	normal	0	Chennai Super Kings	0	5	M Vijay	MA Chidambaram Stadium, Chepauk	BG Jerling	RE Koertzen		0	-18.633216002	-1.37143957178	-4	66.6666666667	66.6666666667
143	144	2010	Delhi	2010-03-31	Delhi Daredevils	Rajasthan Royals	Delhi Daredevils	bat	normal	0	Delhi Daredevils	67	0	KD Karthik	Feroz Shah Kotla	HDPK Dharmasena	SJA Taufel		1	12.2471601631	2.80542751929	2	50.0	-33.3333333333
145	146	2010	Chandigarh	2010-04-02	Kings XI Punjab	Royal Challengers Bangalore	Kings XI Punjab	bat	normal	0	Royal Challengers Bangalore	0	6	KP Pietersen	Punjab Cricket Association Stadium, Mohali	BF Bowden	M Erasmus		0	7.8277887	1.00913722665	3	60.0	-33.3333333333
146	147	2010	Chennai	2010-04-03	Chennai Super Kings	Rajasthan Royals	Chennai Super Kings	bat	normal	0	Chennai Super Kings	23	0	M Vijay	MA Chidambaram Stadium, Chepauk	RE Koertzen	RB Tiffin		1	3.54161980073	-0.696066459077	2	33.3333333333	-33.3333333333
148	149	2010	Kolkata	2010-04-04	Kolkata Knight Riders	Kings XI Punjab	Kolkata Knight Riders	bat	normal	0	Kings XI Punjab	0	8	DPMD Jayawardene	Eden Gardens	S Asnani	DJ Harper		0	-6.57229360784	-0.807543023708	-4	50.0	33.3333333333
149	150	2010	Delhi	2010-04-04	Delhi Daredevils	Royal Challengers Bangalore	Delhi Daredevils	bat	normal	0	Delhi Daredevils	37	0	PD Collingwood	Feroz Shah Kotla	BF Bowden	M Erasmus		1	9.66890472896	1.96304354268	0	80.0	66.6666666667
151	152	2010	Chennai	2010-04-06	Chennai Super Kings	Mumbai Indians	Chennai Super Kings	bat	normal	0	Chennai Super Kings	24	0	SK Raina	MA Chidambaram Stadium, Chepauk	S Asnani	DJ Harper		1	14.1831529465	2.6985417577	5	40.0	-33.3333333333
152	153	2010	Jaipur	2010-04-07	Kings XI Punjab	Rajasthan Royals	Kings XI Punjab	bat	normal	0	Rajasthan Royals	0	9	MJ Lumb	Sawai Mansingh Stadium	S Ravi	SK Tarapore		0	-15.4149197415	0.100429075627	-1	40.0	0.0
153	154	2010	Kolkata	2010-04-07	Kolkata Knight Riders	Delhi Daredevils	Kolkata Knight Riders	bat	normal	0	Kolkata Knight Riders	14	0	SC Ganguly	Eden Gardens	BG Jerling	RE Koertzen		1	-15.8244139109	-1.87539601083	-8	25.0	-66.6666666667
155	156	2010	Chandigarh	2010-04-09	Mumbai Indians	Kings XI Punjab	Mumbai Indians	bat	normal	0	Kings XI Punjab	0	6	KC Sangakkara	Punjab Cricket Association Stadium, Mohali	M Erasmus	AM Saheba		0	-2.07997903785	0.747434362974	1	40.0	33.3333333333
157	158	2010	Bangalore	2010-04-10	Kolkata Knight Riders	Royal Challengers Bangalore	Royal Challengers Bangalore	field	normal	0	Royal Challengers Bangalore	0	7	R Vinay Kumar	M Chinnaswamy Stadium	K Hariharan	DJ Harper		0	-0.0219413402096	-0.356704457973	-5	60.0	0.0
158	159	2010	Delhi	2010-04-11	Delhi Daredevils	Kings XI Punjab	Delhi Daredevils	bat	normal	0	Kings XI Punjab	0	7	PP Chawla	Feroz Shah Kotla	BF Bowden	AM Saheba		0	14.2577699163	-0.411394864223	5	33.3333333333	0.0
159	160	2010	Jaipur	2010-04-11	Mumbai Indians	Rajasthan Royals	Rajasthan Royals	field	normal	0	Mumbai Indians	37	0	SR Tendulkar	Sawai Mansingh Stadium	BR Doctrove	SK Tarapore		1	-3.5455976282	0.90087316306	-2	50.0	0.0
161	162	2010	Mumbai	2010-04-13	Mumbai Indians	Delhi Daredevils	Mumbai Indians	bat	normal	0	Mumbai Indians	39	0	KA Pollard	Brabourne Stadium	S Asnani	DJ Harper		1	-5.56665915713	0.42839285621	-4	40.0	0.0
162	163	2010	Chennai	2010-04-13	Kolkata Knight Riders	Chennai Super Kings	Kolkata Knight Riders	bat	normal	0	Chennai Super Kings	0	9	R Ashwin	MA Chidambaram Stadium, Chepauk	SS Hazare	SJA Taufel		0	-17.8745937752	-2.1417678382	-5	33.3333333333	-66.6666666667
163	164	2010	Jaipur	2010-04-14	Rajasthan Royals	Royal Challengers Bangalore	Rajasthan Royals	bat	normal	0	Royal Challengers Bangalore	0	5	KP Pietersen	Sawai Mansingh Stadium	BR Doctrove	S Ravi		0	18.0809274358	-0.253864585937	0	60.0	-33.3333333333
164	165	2010	Chennai	2010-04-15	Chennai Super Kings	Delhi Daredevils	Chennai Super Kings	bat	normal	0	Delhi Daredevils	0	6	G Gambhir	MA Chidambaram Stadium, Chepauk	HDPK Dharmasena	SS Hazare		0	12.8106443676	1.28283627266	4	60.0	100.0
166	167	2010	Bangalore	2010-04-17	Mumbai Indians	Royal Challengers Bangalore	Royal Challengers Bangalore	field	normal	0	Mumbai Indians	57	0	R McLaren	M Chinnaswamy Stadium	HDPK Dharmasena	SJA Taufel		1	9.40176272501	1.10306635355	-3	40.0	0.0
167	168	2010	Kolkata	2010-04-17	Rajasthan Royals	Kolkata Knight Riders	Rajasthan Royals	bat	normal	0	Kolkata Knight Riders	0	8	JD Unadkat	Eden Gardens	BG Jerling	RB Tiffin		0	18.9844790508	1.28459163315	7	75.0	0.0
168	169	2010	Dharamsala	2010-04-18	Kings XI Punjab	Chennai Super Kings	Chennai Super Kings	field	normal	0	Chennai Super Kings	0	6	MS Dhoni	Himachal Pradesh Cricket Association Stadium	BF Bowden	AM Saheba		0	-9.45731813903	-1.44694580249	-2	0.0	0.0
170	171	2010	Kolkata	2010-04-19	Mumbai Indians	Kolkata Knight Riders	Mumbai Indians	bat	normal	0	Kolkata Knight Riders	0	9	M Kartik	Eden Gardens	BG Jerling	RE Koertzen		0	3.22906942941	0.318729279147	-2	100.0	66.6666666667
171	172	2010	Mumbai	2010-04-21	Mumbai Indians	Royal Challengers Bangalore	Mumbai Indians	bat	normal	0	Mumbai Indians	35	0	KA Pollard	Dr DY Patil Sports Academy	BR Doctrove	RB Tiffin		1	-5.46023531273	1.6293860677	-2	50.0	0.0
174	175	2010	Mumbai	2010-04-25	Chennai Super Kings	Mumbai Indians	Chennai Super Kings	bat	normal	0	Chennai Super Kings	22	0	SK Raina	Dr DY Patil Sports Academy	RE Koertzen	SJA Taufel		1	8.44376233333	-0.00393998668199	4	50.0	0.0
175	176	2011	Chennai	2011-04-08	Chennai Super Kings	Kolkata Knight Riders	Chennai Super Kings	bat	normal	0	Chennai Super Kings	2	0	S Anirudha	MA Chidambaram Stadium, Chepauk	BR Doctrove	PR Reiffel		1	19.6507738511	-0.359685354887	-4	75.0	0.0
178	179	2011	Delhi	2011-04-10	Delhi Daredevils	Mumbai Indians	Delhi Daredevils	bat	normal	0	Mumbai Indians	0	8	SL Malinga	Feroz Shah Kotla	AM Saheba	RB Tiffin		0	4.09020219921	-1.51606875276	-4	50.0	0.0
181	182	2011	Jaipur	2011-04-12	Delhi Daredevils	Rajasthan Royals	Delhi Daredevils	bat	normal	0	Rajasthan Royals	0	6	SK Warne	Sawai Mansingh Stadium	Aleem Dar	RB Tiffin		0	15.4923076508	-1.65577265939	1	57.1428571429	0.0
182	183	2011	Bangalore	2011-04-12	Royal Challengers Bangalore	Mumbai Indians	Mumbai Indians	field	normal	0	Mumbai Indians	0	9	SR Tendulkar	M Chinnaswamy Stadium	HDPK Dharmasena	AL Hill		0	24.7207366168	-1.72830592247	-8	42.8571428571	-100.0
183	184	2011	Chandigarh	2011-04-13	Chennai Super Kings	Kings XI Punjab	Kings XI Punjab	field	normal	0	Kings XI Punjab	0	6	PC Valthaty	Punjab Cricket Association Stadium, Mohali	Asad Rauf	SL Shastri		0	36.4314251036	1.62558414486	7	100.0	100.0
186	187	2011	Jaipur	2011-04-15	Rajasthan Royals	Kolkata Knight Riders	Kolkata Knight Riders	field	normal	0	Kolkata Knight Riders	0	9	G Gambhir	Sawai Mansingh Stadium	Aleem Dar	SS Hazare		0	6.00413495812	1.01775167004	-4	60.0	100.0
188	189	2011	Chennai	2011-04-16	Chennai Super Kings	Royal Challengers Bangalore	Chennai Super Kings	bat	normal	0	Chennai Super Kings	21	0	MEK Hussey	MA Chidambaram Stadium, Chepauk	HDPK Dharmasena	AL Hill		1	76.0440004386	1.29951283777	11	42.8571428571	50.0
191	192	2011	Kolkata	2011-04-17	Rajasthan Royals	Kolkata Knight Riders	Kolkata Knight Riders	field	normal	0	Kolkata Knight Riders	0	8	L Balaji	Eden Gardens	Aleem Dar	RB Tiffin		0	-9.40229686553	0.0461444041844	-8	50.0	0.0
196	197	2011	Chandigarh	2011-04-21	Kings XI Punjab	Rajasthan Royals	Rajasthan Royals	field	normal	0	Kings XI Punjab	48	0	SE Marsh	Punjab Cricket Association Stadium, Mohali	S Asnani	PR Reiffel		1	-1.27750238335	-0.719061700822	-2	33.3333333333	66.6666666667
197	198	2011	Mumbai	2011-04-22	Mumbai Indians	Chennai Super Kings	Chennai Super Kings	field	normal	0	Mumbai Indians	8	0	Harbhajan Singh	Wankhede Stadium	Asad Rauf	AM Saheba		1	-25.9224619545	-0.496875851256	-3	42.8571428571	33.3333333333
198	199	2011	Kolkata	2011-04-22	Kolkata Knight Riders	Royal Challengers Bangalore	Royal Challengers Bangalore	field	normal	0	Royal Challengers Bangalore	0	9	CH Gayle	Eden Gardens	SS Hazare	RB Tiffin		0	3.89705691369	3.31582244523	17	50.0	66.6666666667
199	200	2011	Delhi	2011-04-23	Delhi Daredevils	Kings XI Punjab	Kings XI Punjab	field	normal	0	Delhi Daredevils	29	0	DA Warner	Feroz Shah Kotla	S Asnani	RE Koertzen		1	-20.144364242	0.909624373378	-2	25.0	-100.0
203	204	2011	Delhi	2011-04-26	Delhi Daredevils	Royal Challengers Bangalore	Royal Challengers Bangalore	field	normal	0	Royal Challengers Bangalore	0	3	V Kohli	Feroz Shah Kotla	S Asnani	RJ Tucker		0	27.5279995024	0.0160997869718	3	83.3333333333	0.0
206	207	2011	Delhi	2011-04-28	Kolkata Knight Riders	Delhi Daredevils	Delhi Daredevils	field	normal	0	Kolkata Knight Riders	17	0	MK Tiwary	Feroz Shah Kotla	PR Reiffel	RJ Tucker		1	-19.7294458745	-0.134313500824	13	40.0	33.3333333333
207	208	2011	Jaipur	2011-04-29	Mumbai Indians	Rajasthan Royals	Rajasthan Royals	field	normal	0	Rajasthan Royals	0	7	J Botha	Sawai Mansingh Stadium	Asad Rauf	SK Tarapore		0	-11.8601884156	0.802426935887	3	60.0	100.0
210	211	2011	Kolkata	2011-04-30	Kings XI Punjab	Kolkata Knight Riders	Kolkata Knight Riders	field	normal	0	Kolkata Knight Riders	0	8	Iqbal Abdulla	Eden Gardens	AM Saheba	SL Shastri		0	22.3223900823	-0.768479755582	-11	60.0	0.0
213	214	2011	Mumbai	2011-05-02	Mumbai Indians	Kings XI Punjab	Kings XI Punjab	field	normal	0	Mumbai Indians	23	0	KA Pollard	Wankhede Stadium	HDPK Dharmasena	PR Reiffel		1	-6.60111952028	0.591110969	5	33.3333333333	33.3333333333
216	217	2011	Chennai	2011-05-04	Rajasthan Royals	Chennai Super Kings	Rajasthan Royals	bat	normal	0	Chennai Super Kings	0	8	MEK Hussey	MA Chidambaram Stadium, Chepauk	SS Hazare	RB Tiffin		0	-15.8483700467	-1.15766786448	0	57.1428571429	0.0
220	221	2011	Bangalore	2011-05-06	Royal Challengers Bangalore	Kings XI Punjab	Kings XI Punjab	field	normal	0	Royal Challengers Bangalore	85	0	CH Gayle	M Chinnaswamy Stadium	Aleem Dar	RB Tiffin		1	-5.81525615027	-0.952312717767	-4	50.0	66.6666666667
222	223	2011	Mumbai	2011-05-07	Mumbai Indians	Delhi Daredevils	Delhi Daredevils	field	normal	0	Mumbai Indians	32	0	AT Rayudu	Wankhede Stadium	K Hariharan	SJA Taufel		1	-3.19147792607	2.05946250576	7	57.1428571429	33.3333333333
225	226	2011	Jaipur	2011-05-09	Chennai Super Kings	Rajasthan Royals	Rajasthan Royals	field	normal	0	Chennai Super Kings	63	0	M Vijay	Sawai Mansingh Stadium	K Hariharan	SJA Taufel		1	18.0002809276	-1.08087770916	4	50.0	33.3333333333
227	228	2011	Chandigarh	2011-05-10	Kings XI Punjab	Mumbai Indians	Mumbai Indians	field	normal	0	Kings XI Punjab	76	0	BA Bhatt	Punjab Cricket Association Stadium, Mohali	SK Tarapore	RJ Tucker		1	3.07804384754	-1.44148905603	-8	57.1428571429	-66.6666666667
228	229	2011	Jaipur	2011-05-11	Rajasthan Royals	Royal Challengers Bangalore	Royal Challengers Bangalore	field	normal	0	Royal Challengers Bangalore	0	9	S Aravind	Sawai Mansingh Stadium	HDPK Dharmasena	K Hariharan		0	-3.65306834275	-2.26274858959	6	50.0	-66.6666666667
229	230	2011	Chennai	2011-05-12	Chennai Super Kings	Delhi Daredevils	Chennai Super Kings	bat	normal	0	Chennai Super Kings	18	0	MS Dhoni	MA Chidambaram Stadium, Chepauk	AM Saheba	SL Shastri		1	25.934545913	0.89979216277	13	50.0	66.6666666667
233	234	2011	Dharamsala	2011-05-15	Kings XI Punjab	Delhi Daredevils	Delhi Daredevils	field	normal	0	Kings XI Punjab	29	0	PP Chawla	Himachal Pradesh Cricket Association Stadium	Asad Rauf	SL Shastri		1	5.04098560714	0.057039773609	4	60.0	33.3333333333
236	237	2011	Dharamsala	2011-05-17	Kings XI Punjab	Royal Challengers Bangalore	Kings XI Punjab	bat	normal	0	Kings XI Punjab	111	0	AC Gilchrist	Himachal Pradesh Cricket Association Stadium	Asad Rauf	AM Saheba		1	-11.0788240033	-2.73053709959	1	42.8571428571	-33.3333333333
239	240	2011	Mumbai	2011-05-20	Mumbai Indians	Rajasthan Royals	Mumbai Indians	bat	normal	0	Rajasthan Royals	0	10	SR Watson	Wankhede Stadium	RE Koertzen	PR Reiffel		0	-7.04577005038	2.37784495462	6	50.0	66.6666666667
242	243	2011	Bangalore	2011-05-22	Chennai Super Kings	Royal Challengers Bangalore	Royal Challengers Bangalore	field	normal	0	Royal Challengers Bangalore	0	8	CH Gayle	M Chinnaswamy Stadium	K Hariharan	RE Koertzen		0	10.0039187366	0.633708626192	11	50.0	33.3333333333
243	244	2011	Kolkata	2011-05-22	Kolkata Knight Riders	Mumbai Indians	Mumbai Indians	field	normal	0	Mumbai Indians	0	5	JEC Franklin	Eden Gardens	SK Tarapore	SJA Taufel		0	-5.95544613226	1.28360014314	6	16.6666666667	33.3333333333
244	245	2011	Mumbai	2011-05-24	Royal Challengers Bangalore	Chennai Super Kings	Chennai Super Kings	field	normal	0	Chennai Super Kings	0	6	SK Raina	Wankhede Stadium	Asad Rauf	SJA Taufel		0	-24.8851951018	-0.863392493229	-11	55.5555555556	0.0
245	246	2011	Mumbai	2011-05-25	Kolkata Knight Riders	Mumbai Indians	Mumbai Indians	field	normal	0	Mumbai Indians	0	4	MM Patel	Wankhede Stadium	Asad Rauf	SJA Taufel		0	-29.0506147804	-1.4212445285	5	14.2857142857	33.3333333333
246	247	2011	Chennai	2011-05-27	Royal Challengers Bangalore	Mumbai Indians	Mumbai Indians	field	normal	0	Royal Challengers Bangalore	43	0	CH Gayle	MA Chidambaram Stadium, Chepauk	Asad Rauf	SJA Taufel		1	-18.8835418669	-0.953227989494	-10	37.5	-33.3333333333
247	248	2011	Chennai	2011-05-28	Chennai Super Kings	Royal Challengers Bangalore	Chennai Super Kings	bat	normal	0	Chennai Super Kings	58	0	M Vijay	MA Chidambaram Stadium, Chepauk	Asad Rauf	SJA Taufel		1	18.0826307241	-0.102161633323	10	50.0	0.0
248	249	2012	Chennai	2012-04-04	Chennai Super Kings	Mumbai Indians	Mumbai Indians	field	normal	0	Mumbai Indians	0	8	RE Levi	MA Chidambaram Stadium, Chepauk	JD Cloete	SJA Taufel		0	7.9232976821	0.163989739107	1	50.0	0.0
249	250	2012	Kolkata	2012-04-05	Kolkata Knight Riders	Delhi Daredevils	Delhi Daredevils	field	normal	0	Delhi Daredevils	0	8	IK Pathan	Eden Gardens	S Asnani	HDPK Dharmasena		0	7.20646463533	-1.58055077558	16	50.0	0.0
251	252	2012	Jaipur	2012-04-06	Rajasthan Royals	Kings XI Punjab	Kings XI Punjab	field	normal	0	Rajasthan Royals	31	0	AM Rahane	Sawai Mansingh Stadium	BF Bowden	SK Tarapore		1	-11.4712176913	0.401743992708	-4	57.1428571429	0.0
252	253	2012	Bangalore	2012-04-07	Royal Challengers Bangalore	Delhi Daredevils	Delhi Daredevils	field	normal	0	Royal Challengers Bangalore	20	0	AB de Villiers	M Chinnaswamy Stadium	S Asnani	S Ravi		1	4.58018283641	-0.00841566908855	0	28.5714285714	-100.0
254	255	2012	Jaipur	2012-04-08	Rajasthan Royals	Kolkata Knight Riders	Kolkata Knight Riders	field	normal	0	Rajasthan Royals	22	0	BJ Hodge	Sawai Mansingh Stadium	BF Bowden	VA Kulkarni		1	-12.3175490252	5.07256007611	-14	42.8571428571	100.0
257	258	2012	Bangalore	2012-04-10	Kolkata Knight Riders	Royal Challengers Bangalore	Royal Challengers Bangalore	field	normal	0	Kolkata Knight Riders	42	0	L Balaji	M Chinnaswamy Stadium	S Ravi	RJ Tucker		1	-0.59087816006	0.375872165264	9	42.8571428571	-100.0
258	259	2012	Delhi	2012-04-10	Chennai Super Kings	Delhi Daredevils	Delhi Daredevils	field	normal	0	Delhi Daredevils	0	8	M Morkel	Feroz Shah Kotla	Asad Rauf	SK Tarapore		0	-19.5400900328	0.00892088224704	3	57.1428571429	-50.0
259	260	2012	Mumbai	2012-04-11	Mumbai Indians	Rajasthan Royals	Rajasthan Royals	field	normal	0	Mumbai Indians	27	0	KA Pollard	Wankhede Stadium	Aleem Dar	BNJ Oxenford		1	4.52939350314	0.140370091284	8	42.8571428571	0.0
260	261	2012	Chennai	2012-04-12	Royal Challengers Bangalore	Chennai Super Kings	Royal Challengers Bangalore	bat	normal	0	Chennai Super Kings	0	5	F du Plessis	MA Chidambaram Stadium, Chepauk	HDPK Dharmasena	RJ Tucker		0	-5.89574136858	-1.44618439657	-5	45.4545454545	50.0
262	263	2012	Kolkata	2012-04-13	Rajasthan Royals	Kolkata Knight Riders	Rajasthan Royals	bat	normal	0	Kolkata Knight Riders	0	5	Shakib Al Hasan	Eden Gardens	Asad Rauf	S Asnani		0	-0.556294057969	1.97308148695	-12	50.0	33.3333333333
265	266	2012	Kolkata	2012-04-15	Kings XI Punjab	Kolkata Knight Riders	Kolkata Knight Riders	field	normal	0	Kings XI Punjab	2	0	SP Narine	Eden Gardens	Asad Rauf	S Asnani		1	1.2099875049	1.47873384591	-10	50.0	-66.6666666667
266	267	2012	Bangalore	2012-04-15	Rajasthan Royals	Royal Challengers Bangalore	Rajasthan Royals	bat	normal	0	Rajasthan Royals	59	0	AM Rahane	M Chinnaswamy Stadium	JD Cloete	RJ Tucker		1	-1.99662321976	0.0731673050884	-6	42.8571428571	0.0
267	268	2012	Mumbai	2012-04-16	Mumbai Indians	Delhi Daredevils	Delhi Daredevils	field	normal	0	Delhi Daredevils	0	7	S Nadeem	Wankhede Stadium	BF Bowden	SK Tarapore		0	-9.53840609754	-0.429368729622	-2	62.5	33.3333333333
270	271	2012	Chandigarh	2012-04-18	Kings XI Punjab	Kolkata Knight Riders	Kings XI Punjab	bat	normal	0	Kolkata Knight Riders	0	8	G Gambhir	Punjab Cricket Association Stadium, Mohali	JD Cloete	RJ Tucker		0	6.76616136041	-0.142139297814	-10	57.1428571429	-16.6666666667
273	274	2012	Chandigarh	2012-04-20	Kings XI Punjab	Royal Challengers Bangalore	Royal Challengers Bangalore	field	normal	0	Royal Challengers Bangalore	0	5	CH Gayle	Punjab Cricket Association Stadium, Mohali	S Ravi	RJ Tucker		0	0.20572256041	-0.235880480194	-2	50.0	33.3333333333
274	275	2012	Chennai	2012-04-21	Rajasthan Royals	Chennai Super Kings	Rajasthan Royals	bat	normal	0	Chennai Super Kings	0	7	F du Plessis	MA Chidambaram Stadium, Chepauk	Aleem Dar	BNJ Oxenford		0	-5.87613250022	1.20019465368	-7	44.4444444444	0.0
276	277	2012	Mumbai	2012-04-22	Mumbai Indians	Kings XI Punjab	Mumbai Indians	bat	normal	0	Kings XI Punjab	0	6	SE Marsh	Wankhede Stadium	S Ravi	RJ Tucker		0	-17.9747473754	0.931489605703	11	37.5	33.3333333333
278	279	2012	Jaipur	2012-04-23	Royal Challengers Bangalore	Rajasthan Royals	Rajasthan Royals	field	normal	0	Royal Challengers Bangalore	46	0	AB de Villiers	Sawai Mansingh Stadium	Asad Rauf	S Asnani		1	4.8497587546	-0.406574878481	5	50.0	0.0
280	281	2012	Chandigarh	2012-04-25	Kings XI Punjab	Mumbai Indians	Kings XI Punjab	bat	normal	0	Mumbai Indians	0	4	AT Rayudu	Punjab Cricket Association Stadium, Mohali	Aleem Dar	BNJ Oxenford		0	-16.4433813961	3.32242786132	-10	66.6666666667	0.0
282	283	2012	Delhi	2012-04-27	Delhi Daredevils	Mumbai Indians	Mumbai Indians	field	normal	0	Delhi Daredevils	37	0	V Sehwag	Feroz Shah Kotla	Aleem Dar	BNJ Oxenford		1	7.09662550026	0.74331936202	-5	44.4444444444	33.3333333333
283	284	2012	Chennai	2012-04-28	Kings XI Punjab	Chennai Super Kings	Kings XI Punjab	bat	normal	0	Kings XI Punjab	7	0	Mandeep Singh	MA Chidambaram Stadium, Chepauk	BF Bowden	SK Tarapore		1	10.3394450353	0.514843584046	-7	16.6666666667	-33.3333333333
284	285	2012	Kolkata	2012-04-28	Kolkata Knight Riders	Royal Challengers Bangalore	Kolkata Knight Riders	bat	normal	0	Kolkata Knight Riders	47	0	G Gambhir	Eden Gardens	Asad Rauf	BR Doctrove		1	0.0395023610686	0.375451081138	9	50.0	0.0
285	286	2012	Delhi	2012-04-29	Delhi Daredevils	Rajasthan Royals	Delhi Daredevils	bat	normal	0	Delhi Daredevils	1	0	V Sehwag	Feroz Shah Kotla	S Ravi	RJ Tucker		1	7.98101088343	-0.0652016786273	9	50.0	66.6666666667
287	288	2012	Chennai	2012-04-30	Chennai Super Kings	Kolkata Knight Riders	Chennai Super Kings	bat	normal	0	Kolkata Knight Riders	0	5	G Gambhir	MA Chidambaram Stadium, Chepauk	BF Bowden	C Shamshuddin		0	9.00531292804	-0.270457519071	-6	80.0	0.0
289	290	2012	Jaipur	2012-05-01	Rajasthan Royals	Delhi Daredevils	Rajasthan Royals	bat	normal	0	Delhi Daredevils	0	6	P Negi	Sawai Mansingh Stadium	JD Cloete	SJA Taufel		0	-3.85071325063	-0.180365487905	-4	44.4444444444	-100.0
290	291	2012	Bangalore	2012-05-02	Royal Challengers Bangalore	Kings XI Punjab	Kings XI Punjab	field	normal	0	Kings XI Punjab	0	4	Azhar Mahmood	M Chinnaswamy Stadium	BF Bowden	C Shamshuddin		0	-4.26079517922	-1.49560857156	3	55.5555555556	0.0
294	295	2012	Chandigarh	2012-05-05	Rajasthan Royals	Kings XI Punjab	Rajasthan Royals	bat	normal	0	Rajasthan Royals	43	0	SR Watson	Punjab Cricket Association Stadium, Mohali	JD Cloete	SJA Taufel		1	-8.27247721266	-1.10215486998	2	62.5	-66.6666666667
295	296	2012	Mumbai	2012-05-06	Chennai Super Kings	Mumbai Indians	Mumbai Indians	field	normal	0	Mumbai Indians	0	2	DR Smith	Wankhede Stadium	Asad Rauf	S Asnani		0	9.15691648143	-2.30772921059	2	44.4444444444	0.0
297	298	2012	Delhi	2012-05-07	Delhi Daredevils	Kolkata Knight Riders	Delhi Daredevils	bat	normal	0	Kolkata Knight Riders	0	6	JH Kallis	Feroz Shah Kotla	JD Cloete	S Ravi		0	7.71556523551	-0.137862272509	-6	57.1428571429	0.0
300	301	2012	Mumbai	2012-05-09	Mumbai Indians	Royal Challengers Bangalore	Royal Challengers Bangalore	field	normal	0	Royal Challengers Bangalore	0	9	CH Gayle	Wankhede Stadium	BF Bowden	VA Kulkarni		0	-2.60054452052	1.30484941783	11	55.5555555556	33.3333333333
301	302	2012	Jaipur	2012-05-10	Rajasthan Royals	Chennai Super Kings	Chennai Super Kings	field	normal	0	Chennai Super Kings	0	4	BW Hilfenhaus	Sawai Mansingh Stadium	BNJ Oxenford	C Shamshuddin		0	-8.01845746304	-0.877527382652	-7	40.0	33.3333333333
303	304	2012	Kolkata	2012-05-12	Mumbai Indians	Kolkata Knight Riders	Mumbai Indians	bat	normal	0	Mumbai Indians	27	0	RG Sharma	Eden Gardens	S Ravi	SJA Taufel		1	0.748853961447	0.136908429604	-6	87.5	-66.6666666667
304	305	2012	Chennai	2012-05-12	Delhi Daredevils	Chennai Super Kings	Chennai Super Kings	field	normal	0	Chennai Super Kings	0	9	BW Hilfenhaus	MA Chidambaram Stadium, Chepauk	S Das	BR Doctrove		0	-7.29682002187	-0.794001277216	-2	50.0	33.3333333333
307	308	2012	Bangalore	2012-05-14	Royal Challengers Bangalore	Mumbai Indians	Mumbai Indians	field	normal	0	Mumbai Indians	0	5	AT Rayudu	M Chinnaswamy Stadium	S Das	BR Doctrove		0	1.33799140283	-0.864789761449	-7	50.0	-33.3333333333
308	309	2012	Kolkata	2012-05-14	Kolkata Knight Riders	Chennai Super Kings	Chennai Super Kings	field	normal	0	Chennai Super Kings	0	5	MEK Hussey	Eden Gardens	JD Cloete	SJA Taufel		0	-11.4943362275	-1.60798731	4	33.3333333333	0.0
309	310	2012	Delhi	2012-05-15	Kings XI Punjab	Delhi Daredevils	Kings XI Punjab	bat	normal	0	Delhi Daredevils	0	5	UT Yadav	Feroz Shah Kotla	HDPK Dharmasena	BNJ Oxenford		0	-7.91327185292	1.38378255868	-7	66.6666666667	33.3333333333
310	311	2012	Mumbai	2012-05-16	Kolkata Knight Riders	Mumbai Indians	Mumbai Indians	field	normal	0	Kolkata Knight Riders	32	0	SP Narine	Wankhede Stadium	S Das	BR Doctrove		1	0.0946059438683	0.649236171978	4	11.1111111111	-33.3333333333
311	312	2012	Dharamsala	2012-05-17	Chennai Super Kings	Kings XI Punjab	Kings XI Punjab	field	normal	0	Kings XI Punjab	0	6	AC Gilchrist	Himachal Pradesh Cricket Association Stadium	VA Kulkarni	SK Tarapore		0	9.16685396828	0.433027412882	17	71.4285714286	66.6666666667
312	313	2012	Delhi	2012-05-17	Royal Challengers Bangalore	Delhi Daredevils	Delhi Daredevils	field	normal	0	Royal Challengers Bangalore	21	0	CH Gayle	Feroz Shah Kotla	HDPK Dharmasena	C Shamshuddin		1	21.8674898304	-0.0148379514115	0	37.5	0.0
314	315	2012	Dharamsala	2012-05-19	Kings XI Punjab	Delhi Daredevils	Delhi Daredevils	field	normal	0	Delhi Daredevils	0	6	UT Yadav	Himachal Pradesh Cricket Association Stadium	BF Bowden	VA Kulkarni		0	4.78291060212	1.77210735794	-2	57.1428571429	0.0
317	318	2012	Jaipur	2012-05-20	Rajasthan Royals	Mumbai Indians	Rajasthan Royals	bat	normal	0	Mumbai Indians	0	10	DR Smith	Sawai Mansingh Stadium	HDPK Dharmasena	C Shamshuddin		0	4.34089235742	-0.615609454493	-8	50.0	-33.3333333333
318	319	2012	Pune	2012-05-22	Kolkata Knight Riders	Delhi Daredevils	Kolkata Knight Riders	bat	normal	0	Kolkata Knight Riders	18	0	YK Pathan	Subrata Roy Sahara Stadium	BR Doctrove	SJA Taufel		1	-6.78705657548	1.32929817839	8	50.0	-33.3333333333
319	320	2012	Bangalore	2012-05-23	Chennai Super Kings	Mumbai Indians	Mumbai Indians	field	normal	0	Chennai Super Kings	38	0	MS Dhoni	M Chinnaswamy Stadium	BF Bowden	HDPK Dharmasena		1	6.34047039769	0.650058127521	-1	40.0	0.0
320	321	2012	Chennai	2012-05-25	Chennai Super Kings	Delhi Daredevils	Delhi Daredevils	field	normal	0	Chennai Super Kings	86	0	M Vijay	MA Chidambaram Stadium, Chepauk	BR Doctrove	SJA Taufel		1	-8.48233896061	2.3578674837	8	55.5555555556	33.3333333333
321	322	2012	Chennai	2012-05-27	Chennai Super Kings	Kolkata Knight Riders	Chennai Super Kings	bat	normal	0	Kolkata Knight Riders	0	5	MS Bisla	MA Chidambaram Stadium, Chepauk	BF Bowden	SJA Taufel		0	13.9859811023	-0.442269350655	-3	71.4285714286	0.0
322	323	2013	Kolkata	2013-04-03	Delhi Daredevils	Kolkata Knight Riders	Kolkata Knight Riders	field	normal	0	Kolkata Knight Riders	0	6	SP Narine	Eden Gardens	S Ravi	SJA Taufel		0	-7.32828474446	-0.267080716834	-16	44.4444444444	0.0
323	324	2013	Bangalore	2013-04-04	Royal Challengers Bangalore	Mumbai Indians	Mumbai Indians	field	normal	0	Royal Challengers Bangalore	2	0	CH Gayle	M Chinnaswamy Stadium	VA Kulkarni	C Shamshuddin		1	12.0366875438	0.614113130472	-7	45.4545454545	0.0
325	326	2013	Delhi	2013-04-06	Rajasthan Royals	Delhi Daredevils	Rajasthan Royals	bat	normal	0	Rajasthan Royals	5	0	R Dravid	Feroz Shah Kotla	S Das	C Shamshuddin		1	9.24287179535	-0.353404232582	-7	40.0	0.0
326	327	2013	Chennai	2013-04-06	Mumbai Indians	Chennai Super Kings	Mumbai Indians	bat	normal	0	Mumbai Indians	9	0	KA Pollard	MA Chidambaram Stadium, Chepauk	M Erasmus	VA Kulkarni		1	-13.7924499365	2.997329194	1	54.5454545455	0.0
329	330	2013	Jaipur	2013-04-08	Rajasthan Royals	Kolkata Knight Riders	Kolkata Knight Riders	field	normal	0	Rajasthan Royals	19	0	SK Trivedi	Sawai Mansingh Stadium	Aleem Dar	S Das		1	10.5578348249	0.423913583084	-14	44.4444444444	0.0
330	331	2013	Mumbai	2013-04-09	Mumbai Indians	Delhi Daredevils	Mumbai Indians	bat	normal	0	Mumbai Indians	44	0	KD Karthik	Wankhede Stadium	M Erasmus	VA Kulkarni		1	8.36808879346	0.442361536674	9	50.0	50.0
331	332	2013	Chandigarh	2013-04-10	Kings XI Punjab	Chennai Super Kings	Chennai Super Kings	field	normal	0	Chennai Super Kings	0	10	MEK Hussey	Punjab Cricket Association Stadium, Mohali	Aleem Dar	C Shamshuddin		0	-6.53060743226	1.66064655024	-4	37.5	0.0
332	333	2013	Bangalore	2013-04-11	Kolkata Knight Riders	Royal Challengers Bangalore	Royal Challengers Bangalore	field	normal	0	Royal Challengers Bangalore	0	8	CH Gayle	M Chinnaswamy Stadium	Asad Rauf	AK Chowdhary		0	-8.08339822529	1.28258459749	12	55.5555555556	-50.0
336	337	2013	Chennai	2013-04-13	Royal Challengers Bangalore	Chennai Super Kings	Chennai Super Kings	field	normal	0	Chennai Super Kings	0	4	RA Jadeja	MA Chidambaram Stadium, Chepauk	Asad Rauf	AK Chowdhary		0	-23.6063846676	-2.28360025209	-6	41.6666666667	50.0
338	339	2013	Jaipur	2013-04-14	Kings XI Punjab	Rajasthan Royals	Rajasthan Royals	field	normal	0	Rajasthan Royals	0	6	JP Faulkner	Sawai Mansingh Stadium	Aleem Dar	C Shamshuddin		0	-0.22230959901	0.302421047647	-8	33.3333333333	-100.0
340	341	2013	Chandigarh	2013-04-16	Kings XI Punjab	Kolkata Knight Riders	Kolkata Knight Riders	field	normal	0	Kings XI Punjab	4	0	MS Gony	Punjab Cricket Association Stadium, Mohali	CK Nandan	SJA Taufel		1	2.04609473163	-0.870834706067	-22	50.0	-33.3333333333
343	344	2013	Jaipur	2013-04-17	Rajasthan Royals	Mumbai Indians	Rajasthan Royals	bat	normal	0	Rajasthan Royals	87	0	AM Rahane	Sawai Mansingh Stadium	Aleem Dar	C Shamshuddin		1	7.52221439837	-0.897859250727	-11	44.4444444444	33.3333333333
344	345	2013	Delhi	2013-04-18	Chennai Super Kings	Delhi Daredevils	Chennai Super Kings	bat	normal	0	Chennai Super Kings	86	0	MEK Hussey	Feroz Shah Kotla	M Erasmus	VA Kulkarni		1	3.38216651667	-0.0506026269524	7	60.0	66.6666666667
346	347	2013	Kolkata	2013-04-20	Kolkata Knight Riders	Chennai Super Kings	Kolkata Knight Riders	bat	normal	0	Chennai Super Kings	0	4	RA Jadeja	Eden Gardens	Asad Rauf	AK Chaudhary		0	3.85311833138	-1.51325219336	3	37.5	-100.0
347	348	2013	Bangalore	2013-04-20	Rajasthan Royals	Royal Challengers Bangalore	Royal Challengers Bangalore	field	normal	0	Royal Challengers Bangalore	0	7	R Vinay Kumar	M Chinnaswamy Stadium	Aleem Dar	C Shamshuddin		0	2.16484574985	-0.127261049111	-2	44.4444444444	33.3333333333
348	349	2013	Delhi	2013-04-21	Mumbai Indians	Delhi Daredevils	Mumbai Indians	bat	normal	0	Delhi Daredevils	0	9	V Sehwag	Feroz Shah Kotla	HDPK Dharmasena	S Ravi		0	-4.05466361501	1.7420054475	12	54.5454545455	66.6666666667
350	351	2013	Chennai	2013-04-22	Rajasthan Royals	Chennai Super Kings	Rajasthan Royals	bat	normal	0	Chennai Super Kings	0	5	MEK Hussey	MA Chidambaram Stadium, Chepauk	S Asnani	AK Chaudhary		0	-5.91641642934	-0.248764259789	-9	36.3636363636	-33.3333333333
352	353	2013	Dharamsala	2013-05-16	Kings XI Punjab	Delhi Daredevils	Delhi Daredevils	field	normal	0	Kings XI Punjab	7	0	DA Miller	Himachal Pradesh Cricket Association Stadium	HDPK Dharmasena	S Ravi		1	-0.916854929359	-0.235358281033	-7	50.0	0.0
353	354	2013	Kolkata	2013-04-24	Kolkata Knight Riders	Mumbai Indians	Kolkata Knight Riders	bat	normal	0	Mumbai Indians	0	5	DR Smith	Eden Gardens	HDPK Dharmasena	S Ravi		0	-8.744828915	1.38796081949	3	20.0	-33.3333333333
355	356	2013	Kolkata	2013-04-26	Kings XI Punjab	Kolkata Knight Riders	Kings XI Punjab	bat	normal	0	Kolkata Knight Riders	0	6	JH Kallis	Eden Gardens	CK Nandan	S Ravi		0	0.878048149753	-1.04998107637	-17	55.5555555556	66.6666666667
357	358	2013	Mumbai	2013-04-27	Mumbai Indians	Royal Challengers Bangalore	Mumbai Indians	bat	normal	0	Mumbai Indians	58	0	DR Smith	Wankhede Stadium	Asad Rauf	S Asnani		1	6.10390528238	-1.00342339531	5	50.0	-33.3333333333
358	359	2013	Chennai	2013-04-28	Chennai Super Kings	Kolkata Knight Riders	Kolkata Knight Riders	field	normal	0	Chennai Super Kings	14	0	MEK Hussey	MA Chidambaram Stadium, Chepauk	Aleem Dar	SJA Taufel		1	11.368979655	1.12909323571	-7	66.6666666667	66.6666666667
360	361	2013	Jaipur	2013-04-29	Royal Challengers Bangalore	Rajasthan Royals	Rajasthan Royals	field	normal	0	Rajasthan Royals	0	4	SV Samson	Sawai Mansingh Stadium	M Erasmus	K Srinath		0	-23.9515824643	-0.34626752969	2	60.0	0.0
361	362	2013	Mumbai	2013-04-29	Mumbai Indians	Kings XI Punjab	Mumbai Indians	bat	normal	0	Mumbai Indians	4	0	RG Sharma	Wankhede Stadium	Asad Rauf	AK Chaudhary		1	3.97281589824	0.585559428691	13	40.0	0.0
364	365	2013	Raipur	2013-05-01	Kolkata Knight Riders	Delhi Daredevils	Kolkata Knight Riders	bat	normal	0	Delhi Daredevils	0	7	DA Warner	Shaheed Veer Narayan Singh International Stadium	HDPK Dharmasena	CK Nandan		0	-8.73390939663	-0.176395983693	2	60.0	0.0
365	366	2013	Chennai	2013-05-02	Chennai Super Kings	Kings XI Punjab	Chennai Super Kings	bat	normal	0	Chennai Super Kings	15	0	SK Raina	MA Chidambaram Stadium, Chepauk	M Erasmus	VA Kulkarni		1	9.03673649671	1.50515817651	12	66.6666666667	66.6666666667
367	368	2013	Kolkata	2013-05-03	Rajasthan Royals	Kolkata Knight Riders	Rajasthan Royals	bat	normal	0	Kolkata Knight Riders	0	8	YK Pathan	Eden Gardens	HDPK Dharmasena	CK Nandan		0	-2.49780070459	1.72042877458	-10	50.0	0.0
369	370	2013	Bangalore	2013-05-14	Royal Challengers Bangalore	Kings XI Punjab	Kings XI Punjab	field	normal	0	Kings XI Punjab	0	7	AC Gilchrist	M Chinnaswamy Stadium	HDPK Dharmasena	S Ravi		0	-7.76570080178	-2.56270197027	7	50.0	33.3333333333
370	371	2013	Mumbai	2013-05-05	Mumbai Indians	Chennai Super Kings	Mumbai Indians	bat	normal	0	Mumbai Indians	60	0	MG Johnson	Wankhede Stadium	HDPK Dharmasena	CK Nandan		1	2.15949724192	-1.25000317567	0	58.3333333333	0.0
373	374	2013	Jaipur	2013-05-07	Delhi Daredevils	Rajasthan Royals	Delhi Daredevils	bat	normal	0	Rajasthan Royals	0	9	AM Rahane	Sawai Mansingh Stadium	Aleem Dar	RJ Tucker		0	24.5671950055	-1.10687587789	3	54.5454545455	33.3333333333
374	375	2013	Mumbai	2013-05-07	Mumbai Indians	Kolkata Knight Riders	Mumbai Indians	bat	normal	0	Mumbai Indians	65	0	SR Tendulkar	Wankhede Stadium	HDPK Dharmasena	S Ravi		1	6.01093413546	0.593238976128	-3	81.8181818182	66.6666666667
376	377	2013	Chandigarh	2013-05-09	Kings XI Punjab	Rajasthan Royals	Rajasthan Royals	field	normal	0	Rajasthan Royals	0	8	KK Cooper	Punjab Cricket Association Stadium, Mohali	HDPK Dharmasena	S Ravi		0	4.59841625548	-0.307514194634	-3	30.0	-33.3333333333
378	379	2013	Delhi	2013-05-10	Royal Challengers Bangalore	Delhi Daredevils	Delhi Daredevils	field	normal	0	Royal Challengers Bangalore	4	0	JD Unadkat	Feroz Shah Kotla	NJ Llong	K Srinath		1	-13.9692073182	0.574866593371	0	44.4444444444	-33.3333333333
381	382	2013	Ranchi	2013-05-12	Royal Challengers Bangalore	Kolkata Knight Riders	Kolkata Knight Riders	field	normal	0	Kolkata Knight Riders	0	5	JH Kallis	JSCA International Stadium Complex	NJ Llong	K Srinath		0	-1.06273268173	-0.970672961699	-11	50.0	0.0
382	383	2013	Jaipur	2013-05-12	Chennai Super Kings	Rajasthan Royals	Rajasthan Royals	field	normal	0	Rajasthan Royals	0	5	SR Watson	Sawai Mansingh Stadium	HDPK Dharmasena	CK Nandan		0	16.708627905	-0.13003848481	9	66.6666666667	0.0
383	384	2013	Delhi	2013-04-23	Delhi Daredevils	Kings XI Punjab	Kings XI Punjab	field	normal	0	Kings XI Punjab	0	5	Harmeet Singh	Feroz Shah Kotla	VA Kulkarni	K Srinath		0	-4.15055713435	1.38158422125	11	44.4444444444	0.0
386	387	2013	Chennai	2013-05-14	Chennai Super Kings	Delhi Daredevils	Chennai Super Kings	bat	normal	0	Chennai Super Kings	33	0	MS Dhoni	MA Chidambaram Stadium, Chepauk	C Shamshuddin	RJ Tucker		1	12.6337060124	0.564110806846	11	63.6363636364	33.3333333333
387	388	2013	Mumbai	2013-05-15	Mumbai Indians	Rajasthan Royals	Rajasthan Royals	field	normal	0	Mumbai Indians	14	0	AP Tare	Wankhede Stadium	Asad Rauf	S Asnani		1	0.865030398587	0.77863055105	0	50.0	0.0
388	389	2013	Chandigarh	2013-05-06	Royal Challengers Bangalore	Kings XI Punjab	Kings XI Punjab	field	normal	0	Kings XI Punjab	0	6	DA Miller	Punjab Cricket Association Stadium, Mohali	VA Kulkarni	NJ Llong		0	-6.97657135237	1.36015252766	7	45.4545454545	-33.3333333333
390	391	2013	Dharamsala	2013-05-18	Kings XI Punjab	Mumbai Indians	Mumbai Indians	field	normal	0	Kings XI Punjab	50	0	Azhar Mahmood	Himachal Pradesh Cricket Association Stadium	HDPK Dharmasena	CK Nandan		1	4.08884408695	2.84425611657	-4	54.5454545455	-33.3333333333
392	393	2013	Bangalore	2013-05-18	Royal Challengers Bangalore	Chennai Super Kings	Chennai Super Kings	field	normal	0	Royal Challengers Bangalore	24	0	V Kohli	M Chinnaswamy Stadium	C Shamshuddin	RJ Tucker		1	-3.5383406162	-0.00237260231255	-10	38.4615384615	0.0
394	395	2013	Delhi	2013-05-21	Chennai Super Kings	Mumbai Indians	Chennai Super Kings	bat	normal	0	Chennai Super Kings	48	0	MEK Hussey	Feroz Shah Kotla	NJ Llong	RJ Tucker		1	-0.81502699544	-0.362783431975	-2	38.4615384615	-33.3333333333
396	397	2013	Kolkata	2013-05-24	Rajasthan Royals	Mumbai Indians	Rajasthan Royals	bat	normal	0	Mumbai Indians	0	4	Harbhajan Singh	Eden Gardens	C Shamshuddin	SJA Taufel		0	-5.27666583208	-0.901617051747	-4	45.4545454545	33.3333333333
397	398	2013	Kolkata	2013-05-26	Mumbai Indians	Chennai Super Kings	Mumbai Indians	bat	normal	0	Mumbai Indians	23	0	KA Pollard	Eden Gardens	HDPK Dharmasena	SJA Taufel		1	2.90553503112	-0.370999916328	-7	57.1428571429	-33.3333333333
398	399	2014	Abu Dhabi	2014-04-16	Kolkata Knight Riders	Mumbai Indians	Kolkata Knight Riders	bat	normal	0	Kolkata Knight Riders	41	0	JH Kallis	Sheikh Zayed Stadium	M Erasmus	RK Illingworth		1	-9.64664649281	1.5536092248	6	16.6666666667	0.0
399	400	2014	Sharjah	2014-04-17	Delhi Daredevils	Royal Challengers Bangalore	Royal Challengers Bangalore	field	normal	0	Royal Challengers Bangalore	0	8	YS Chahal	Sharjah Cricket Stadium	Aleem Dar	S Ravi		0	4.96360533252	0.0733501723655	12	50.0	0.0
400	401	2014	Abu Dhabi	2014-04-18	Chennai Super Kings	Kings XI Punjab	Chennai Super Kings	bat	normal	0	Kings XI Punjab	0	6	GJ Maxwell	Sheikh Zayed Stadium	RK Illingworth	C Shamshuddin		0	7.07980984183	1.48739406845	11	70.0	0.0
402	403	2014		2014-04-19	Mumbai Indians	Royal Challengers Bangalore	Royal Challengers Bangalore	field	normal	0	Royal Challengers Bangalore	0	7	PA Patel	Dubai International Cricket Stadium	Aleem Dar	AK Chaudhary		0	21.4855988824	1.17641398159	17	53.8461538462	-100.0
403	404	2014		2014-04-19	Kolkata Knight Riders	Delhi Daredevils	Kolkata Knight Riders	bat	normal	0	Delhi Daredevils	0	4	JP Duminy	Dubai International Cricket Stadium	Aleem Dar	VA Kulkarni		0	-4.50333434632	1.6631688741	15	54.5454545455	100.0
404	405	2014	Sharjah	2014-04-20	Rajasthan Royals	Kings XI Punjab	Kings XI Punjab	field	normal	0	Kings XI Punjab	0	7	GJ Maxwell	Sharjah Cricket Stadium	BF Bowden	M Erasmus		0	-7.2976299856	-1.18735491518	-1	72.7272727273	-100.0
405	406	2014	Abu Dhabi	2014-04-21	Chennai Super Kings	Delhi Daredevils	Chennai Super Kings	bat	normal	0	Chennai Super Kings	93	0	SK Raina	Sheikh Zayed Stadium	RK Illingworth	C Shamshuddin		1	12.1833162438	1.08325165362	5	66.6666666667	-50.0
407	408	2014		2014-04-23	Chennai Super Kings	Rajasthan Royals	Rajasthan Royals	field	normal	0	Chennai Super Kings	7	0	RA Jadeja	Dubai International Cricket Stadium	HDPK Dharmasena	RK Illingworth		1	-5.34170701781	2.62028697672	12	61.5384615385	50.0
408	409	2014	Sharjah	2014-04-24	Kolkata Knight Riders	Royal Challengers Bangalore	Royal Challengers Bangalore	field	normal	0	Kolkata Knight Riders	2	0	CA Lynn	Sharjah Cricket Stadium	Aleem Dar	VA Kulkarni		1	5.09309092676	0.588349489715	20	54.5454545455	-50.0
410	411	2014		2014-04-25	Mumbai Indians	Chennai Super Kings	Mumbai Indians	bat	normal	0	Chennai Super Kings	0	7	MM Sharma	Dubai International Cricket Stadium	BF Bowden	M Erasmus		0	-13.6684589044	-2.32869728958	0	60.0	-66.6666666667
411	412	2014	Abu Dhabi	2014-04-26	Royal Challengers Bangalore	Rajasthan Royals	Rajasthan Royals	field	normal	0	Rajasthan Royals	0	6	PV Tambe	Sheikh Zayed Stadium	HDPK Dharmasena	C Shamshuddin		0	15.4510311608	0.903106769245	-2	54.5454545455	66.6666666667
412	413	2014	Abu Dhabi	2014-04-26	Kings XI Punjab	Kolkata Knight Riders	Kolkata Knight Riders	field	normal	0	Kings XI Punjab	23	0	Sandeep Sharma	Sheikh Zayed Stadium	HDPK Dharmasena	RK Illingworth		1	16.8526693826	-1.99472050324	-19	50.0	33.3333333333
413	414	2014	Sharjah	2014-04-27	Mumbai Indians	Delhi Daredevils	Mumbai Indians	bat	normal	0	Delhi Daredevils	0	6	M Vijay	Sharjah Cricket Stadium	Aleem Dar	VA Kulkarni		0	-6.67413514414	2.22535106213	8	50.0	-33.3333333333
415	416	2014		2014-04-28	Royal Challengers Bangalore	Kings XI Punjab	Kings XI Punjab	field	normal	0	Kings XI Punjab	0	5	Sandeep Sharma	Dubai International Cricket Stadium	BF Bowden	S Ravi		0	-19.3446645272	-2.00279249838	4	41.6666666667	-66.6666666667
418	419	2014	Ranchi	2014-05-02	Chennai Super Kings	Kolkata Knight Riders	Chennai Super Kings	bat	normal	0	Chennai Super Kings	34	0	RA Jadeja	JSCA International Stadium Complex	AK Chaudhary	NJ Llong		1	12.797759922	0.233430658954	-7	70.0	66.6666666667
419	420	2014	Mumbai	2014-05-03	Kings XI Punjab	Mumbai Indians	Kings XI Punjab	bat	normal	0	Mumbai Indians	0	5	CJ Anderson	Wankhede Stadium	BNJ Oxenford	C Shamshuddin		0	7.35186371928	4.15653618745	-1	58.3333333333	100.0
420	421	2014	Delhi	2014-05-03	Delhi Daredevils	Rajasthan Royals	Rajasthan Royals	field	normal	0	Rajasthan Royals	0	7	KK Nair	Feroz Shah Kotla	SS Hazare	S Ravi		0	5.65983729789	-2.13671036533	4	50.0	33.3333333333
422	423	2014	Ahmedabad	2014-05-05	Rajasthan Royals	Kolkata Knight Riders	Kolkata Knight Riders	field	normal	0	Rajasthan Royals	10	0	PV Tambe	Sardar Patel Stadium, Motera	NJ Llong	CK Nandan		1	7.19516060817	-0.93503815669	-8	45.4545454545	33.3333333333
423	424	2014	Delhi	2014-05-05	Delhi Daredevils	Chennai Super Kings	Chennai Super Kings	field	normal	0	Chennai Super Kings	0	8	DR Smith	Feroz Shah Kotla	RM Deshpande	BNJ Oxenford		0	-12.4649619996	-2.19791003015	-7	30.7692307692	-66.6666666667
424	425	2014	Mumbai	2014-05-06	Mumbai Indians	Royal Challengers Bangalore	Royal Challengers Bangalore	field	normal	0	Mumbai Indians	19	0	RG Sharma	Wankhede Stadium	S Ravi	K Srinath		1	-3.50468556905	0.247854752845	-1	50.0	33.3333333333
425	426	2014	Delhi	2014-05-07	Delhi Daredevils	Kolkata Knight Riders	Delhi Daredevils	bat	normal	0	Kolkata Knight Riders	0	8	G Gambhir	Feroz Shah Kotla	BNJ Oxenford	C Shamshuddin		0	5.50887920755	-0.256368936887	-9	50.0	33.3333333333
426	427	2014	Cuttack	2014-05-07	Kings XI Punjab	Chennai Super Kings	Chennai Super Kings	field	normal	0	Kings XI Punjab	44	0	GJ Maxwell	Barabati Stadium	HDPK Dharmasena	PG Pathak		1	8.30327129465	1.05031043813	-14	36.3636363636	-33.3333333333
428	429	2014	Bangalore	2014-05-09	Kings XI Punjab	Royal Challengers Bangalore	Royal Challengers Bangalore	field	normal	0	Kings XI Punjab	32	0	Sandeep Sharma	M Chinnaswamy Stadium	S Ravi	K Srinath		1	35.0774960114	1.28074825789	-1	61.5384615385	66.6666666667
430	431	2014	Mumbai	2014-05-10	Mumbai Indians	Chennai Super Kings	Chennai Super Kings	field	normal	0	Chennai Super Kings	0	4	DR Smith	Wankhede Stadium	HDPK Dharmasena	VA Kulkarni		0	-7.5446542253	0.752492618681	-8	56.25	0.0
431	432	2014	Cuttack	2014-05-11	Kings XI Punjab	Kolkata Knight Riders	Kolkata Knight Riders	field	normal	0	Kolkata Knight Riders	0	9	G Gambhir	Barabati Stadium	NJ Llong	CK Nandan		0	21.8713224246	0.886981162957	-11	54.5454545455	33.3333333333
432	433	2014	Bangalore	2014-05-11	Royal Challengers Bangalore	Rajasthan Royals	Royal Challengers Bangalore	bat	normal	0	Rajasthan Royals	0	5	JP Faulkner	M Chinnaswamy Stadium	S Ravi	RJ Tucker		0	0.00346565908421	-1.13175088623	3	50.0	-100.0
434	435	2014	Ranchi	2014-05-13	Rajasthan Royals	Chennai Super Kings	Rajasthan Royals	bat	normal	0	Chennai Super Kings	0	5	RA Jadeja	JSCA International Stadium Complex	BNJ Oxenford	C Shamshuddin		0	11.8597786619	0.352904304094	-11	35.7142857143	33.3333333333
435	436	2014	Bangalore	2014-05-13	Royal Challengers Bangalore	Delhi Daredevils	Delhi Daredevils	field	normal	0	Royal Challengers Bangalore	16	0	Yuvraj Singh	M Chinnaswamy Stadium	K Srinath	RJ Tucker		1	2.60043446467	1.78080653873	5	54.5454545455	0.0
437	438	2014	Cuttack	2014-05-14	Mumbai Indians	Kolkata Knight Riders	Kolkata Knight Riders	field	normal	0	Kolkata Knight Riders	0	6	RV Uthappa	Barabati Stadium	AK Chaudhary	NJ Llong		0	-8.15709052157	-0.853402857851	-7	76.9230769231	0.0
438	439	2014	Ahmedabad	2014-05-15	Rajasthan Royals	Delhi Daredevils	Delhi Daredevils	field	normal	0	Rajasthan Royals	62	0	AM Rahane	Sardar Patel Stadium, Motera	S Ravi	RJ Tucker		1	13.4564755704	1.31000523636	-4	53.8461538462	66.6666666667
439	440	2014	Ranchi	2014-05-18	Chennai Super Kings	Royal Challengers Bangalore	Chennai Super Kings	bat	normal	0	Royal Challengers Bangalore	0	5	AB de Villiers	JSCA International Stadium Complex	BNJ Oxenford	C Shamshuddin		0	4.10680348426	0.303142662014	6	57.1428571429	33.3333333333
441	442	2014	Ahmedabad	2014-05-19	Mumbai Indians	Rajasthan Royals	Mumbai Indians	bat	normal	0	Mumbai Indians	25	0	MEK Hussey	Sardar Patel Stadium, Motera	S Ravi	RJ Tucker		1	-13.1565492012	-3.25725877853	7	58.3333333333	-33.3333333333
442	443	2014	Delhi	2014-05-19	Delhi Daredevils	Kings XI Punjab	Kings XI Punjab	field	normal	0	Kings XI Punjab	0	4	AR Patel	Feroz Shah Kotla	HDPK Dharmasena	PG Pathak		0	-18.7359444295	-0.54913206907	6	40.0	-66.6666666667
444	445	2014	Kolkata	2014-05-20	Chennai Super Kings	Kolkata Knight Riders	Kolkata Knight Riders	field	normal	0	Kolkata Knight Riders	0	8	RV Uthappa	Eden Gardens	RM Deshpande	C Shamshuddin		0	10.0802992821	0.435662771921	11	72.7272727273	-33.3333333333
445	446	2014	Chandigarh	2014-05-21	Kings XI Punjab	Mumbai Indians	Mumbai Indians	field	normal	0	Mumbai Indians	0	7	LMP Simmons	Punjab Cricket Association Stadium, Mohali	HDPK Dharmasena	VA Kulkarni		0	16.0731247607	2.08301784756	-4	53.8461538462	33.3333333333
446	447	2014	Kolkata	2014-05-22	Kolkata Knight Riders	Royal Challengers Bangalore	Royal Challengers Bangalore	field	normal	0	Kolkata Knight Riders	30	0	RV Uthappa	Eden Gardens	AK Chaudhary	CK Nandan		1	2.95232747664	1.12830698068	7	58.3333333333	33.3333333333
448	449	2014	Mumbai	2014-05-23	Mumbai Indians	Delhi Daredevils	Delhi Daredevils	field	normal	0	Mumbai Indians	15	0	MEK Hussey	Wankhede Stadium	S Ravi	RJ Tucker		1	4.27107647807	1.05134888933	6	46.1538461538	66.6666666667
449	450	2014	Chandigarh	2014-05-23	Kings XI Punjab	Rajasthan Royals	Rajasthan Royals	field	normal	0	Kings XI Punjab	16	0	SE Marsh	Punjab Cricket Association Stadium, Mohali	HDPK Dharmasena	PG Pathak		1	7.53464988144	0.344610310809	-4	33.3333333333	0.0
450	451	2014	Bangalore	2014-05-24	Royal Challengers Bangalore	Chennai Super Kings	Chennai Super Kings	field	normal	0	Chennai Super Kings	0	8	MS Dhoni	M Chinnaswamy Stadium	AK Chaudhary	NJ Llong		0	-5.94286607839	-0.235020799474	-19	46.6666666667	33.3333333333
452	453	2014	Chandigarh	2014-05-25	Delhi Daredevils	Kings XI Punjab	Kings XI Punjab	field	normal	0	Kings XI Punjab	0	7	M Vohra	Punjab Cricket Association Stadium, Mohali	HDPK Dharmasena	VA Kulkarni		0	-18.7758413111	-3.95424489597	2	36.3636363636	-66.6666666667
453	454	2014	Mumbai	2014-05-25	Rajasthan Royals	Mumbai Indians	Mumbai Indians	field	normal	0	Mumbai Indians	0	5	CJ Anderson	Wankhede Stadium	K Srinath	RJ Tucker		0	7.22105794761	1.15233379366	-13	38.4615384615	-66.6666666667
454	455	2014	Kolkata	2014-05-27	Kolkata Knight Riders	Kings XI Punjab	Kings XI Punjab	field	normal	0	Kolkata Knight Riders	28	0	UT Yadav	Eden Gardens	NJ Llong	S Ravi		1	-14.2377673084	0.638598058403	15	50.0	33.3333333333
455	456	2014	Mumbai	2014-05-28	Mumbai Indians	Chennai Super Kings	Chennai Super Kings	field	normal	0	Chennai Super Kings	0	7	SK Raina	Brabourne Stadium	VA Kulkarni	BNJ Oxenford		0	6.74957878388	-1.4156639527	6	52.9411764706	66.6666666667
456	457	2014	Mumbai	2014-05-30	Kings XI Punjab	Chennai Super Kings	Chennai Super Kings	field	normal	0	Kings XI Punjab	24	0	V Sehwag	Wankhede Stadium	HDPK Dharmasena	RJ Tucker		1	12.7350935499	1.82691039654	-16	41.6666666667	0.0
457	458	2014	Bangalore	2014-06-01	Kings XI Punjab	Kolkata Knight Riders	Kolkata Knight Riders	field	normal	0	Kolkata Knight Riders	0	3	MK Pandey	M Chinnaswamy Stadium	HDPK Dharmasena	BNJ Oxenford		0	8.07418298022	-0.0259732891342	-12	46.1538461538	-33.3333333333
458	459	2015	Kolkata	2015-04-08	Mumbai Indians	Kolkata Knight Riders	Kolkata Knight Riders	field	normal	0	Kolkata Knight Riders	0	7	M Morkel	Eden Gardens	S Ravi	C Shamshuddin		0	-1.52784194035	-1.58627405749	-15	71.4285714286	0.0
459	460	2015	Chennai	2015-04-09	Chennai Super Kings	Delhi Daredevils	Delhi Daredevils	field	normal	0	Chennai Super Kings	1	0	A Nehra	MA Chidambaram Stadium, Chepauk	RK Illingworth	VA Kulkarni		1	2.93734561163	0.509024488738	25	71.4285714286	0.0
460	461	2015	Pune	2015-04-10	Rajasthan Royals	Kings XI Punjab	Kings XI Punjab	field	normal	0	Rajasthan Royals	26	0	JP Faulkner	Maharashtra Cricket Association Stadium	SD Fry	CB Gaffaney		1	1.03697028552	-1.10726376955	-12	61.5384615385	0.0
462	463	2015	Kolkata	2015-04-11	Kolkata Knight Riders	Royal Challengers Bangalore	Royal Challengers Bangalore	field	normal	0	Royal Challengers Bangalore	0	3	CH Gayle	Eden Gardens	S Ravi	C Shamshuddin		0	1.53988813526	0.552776463116	8	61.5384615385	100.0
463	464	2015	Delhi	2015-04-12	Delhi Daredevils	Rajasthan Royals	Rajasthan Royals	field	normal	0	Rajasthan Royals	0	3	DJ Hooda	Feroz Shah Kotla	SD Fry	CB Gaffaney		0	-15.2617261462	0.887539641068	-4	42.8571428571	-100.0
464	465	2015	Mumbai	2015-04-12	Kings XI Punjab	Mumbai Indians	Mumbai Indians	field	normal	0	Kings XI Punjab	18	0	GJ Bailey	Wankhede Stadium	AK Chaudhary	K Srinivasan		1	16.3323829675	1.90780193859	1	50.0	0.0
466	467	2015	Ahmedabad	2015-04-14	Mumbai Indians	Rajasthan Royals	Mumbai Indians	bat	normal	0	Rajasthan Royals	0	7	SPD Smith	Sardar Patel Stadium, Motera	AK Chaudhary	SD Fry		0	-34.9335559982	-0.0941118699034	4	64.2857142857	-100.0
467	468	2015	Kolkata	2015-04-30	Chennai Super Kings	Kolkata Knight Riders	Kolkata Knight Riders	field	normal	0	Kolkata Knight Riders	0	7	AD Russell	Eden Gardens	AK Chaudhary	M Erasmus		0	-6.34329797888	-0.252659673471	8	66.6666666667	50.0
468	469	2015	Pune	2015-04-15	Kings XI Punjab	Delhi Daredevils	Kings XI Punjab	bat	normal	0	Delhi Daredevils	0	5	MA Agarwal	Maharashtra Cricket Association Stadium	CB Gaffaney	K Srinath		0	19.7504975172	0.905157122693	17	66.6666666667	50.0
470	471	2015	Mumbai	2015-04-17	Mumbai Indians	Chennai Super Kings	Mumbai Indians	bat	normal	0	Chennai Super Kings	0	6	A Nehra	Wankhede Stadium	AK Chaudhary	M Erasmus		0	-1.63619586363	-1.13094707545	-11	50.0	-50.0
472	473	2015	Pune	2015-04-18	Kings XI Punjab	Kolkata Knight Riders	Kolkata Knight Riders	field	normal	0	Kolkata Knight Riders	0	4	AD Russell	Maharashtra Cricket Association Stadium	SD Fry	CK Nandan		0	9.85387601195	0.389723380143	-10	42.8571428571	-33.3333333333
473	474	2015	Ahmedabad	2015-04-19	Chennai Super Kings	Rajasthan Royals	Chennai Super Kings	bat	normal	0	Rajasthan Royals	0	8	AM Rahane	Sardar Patel Stadium, Motera	AK Chaudhary	M Erasmus		0	-6.9022932216	-0.0448880113038	15	66.6666666667	-33.3333333333
474	475	2015	Bangalore	2015-04-19	Mumbai Indians	Royal Challengers Bangalore	Royal Challengers Bangalore	field	normal	0	Mumbai Indians	18	0	Harbhajan Singh	M Chinnaswamy Stadium	RK Illingworth	VA Kulkarni		1	-6.54862284698	0.457863003623	-4	53.3333333333	-100.0
475	476	2015	Delhi	2015-04-20	Delhi Daredevils	Kolkata Knight Riders	Kolkata Knight Riders	field	normal	0	Kolkata Knight Riders	0	6	UT Yadav	Feroz Shah Kotla	SD Fry	CB Gaffaney		0	-11.0686504963	-0.136904687408	-22	46.1538461538	-33.3333333333
478	479	2015	Bangalore	2015-04-22	Chennai Super Kings	Royal Challengers Bangalore	Royal Challengers Bangalore	field	normal	0	Chennai Super Kings	27	0	SK Raina	M Chinnaswamy Stadium	JD Cloete	C Shamshuddin		1	7.04811760902	-1.24659010684	22	56.25	-16.6666666667
479	480	2015	Delhi	2015-04-23	Delhi Daredevils	Mumbai Indians	Mumbai Indians	field	normal	0	Delhi Daredevils	37	0	SS Iyer	Feroz Shah Kotla	SD Fry	CK Nandan		1	-0.596885332845	0.0205145518944	-11	50.0	0.0
480	481	2015	Ahmedabad	2015-04-24	Rajasthan Royals	Royal Challengers Bangalore	Royal Challengers Bangalore	field	normal	0	Royal Challengers Bangalore	0	9	MA Starc	Sardar Patel Stadium, Motera	M Erasmus	S Ravi		0	17.7237545964	0.354973750812	3	53.8461538462	66.6666666667
482	483	2015	Chennai	2015-04-25	Chennai Super Kings	Kings XI Punjab	Chennai Super Kings	bat	normal	0	Chennai Super Kings	97	0	BB McCullum	MA Chidambaram Stadium, Chepauk	JD Cloete	C Shamshuddin		1	-5.06137988637	-1.21215263927	7	53.8461538462	33.3333333333
483	484	2015	Delhi	2015-04-26	Delhi Daredevils	Royal Challengers Bangalore	Royal Challengers Bangalore	field	normal	0	Royal Challengers Bangalore	0	10	VR Aaron	Feroz Shah Kotla	M Erasmus	S Ravi		0	-5.00430199019	0.90659660781	-4	41.6666666667	33.3333333333
485	486	2015	Kolkata	2015-05-07	Kolkata Knight Riders	Delhi Daredevils	Kolkata Knight Riders	bat	normal	0	Kolkata Knight Riders	13	0	PP Chawla	Eden Gardens	AK Chaudhary	M Erasmus		1	2.01254304091	0.366984887869	21	57.1428571429	66.6666666667
487	488	2015	Chennai	2015-04-28	Chennai Super Kings	Kolkata Knight Riders	Kolkata Knight Riders	field	normal	0	Chennai Super Kings	2	0	DJ Bravo	MA Chidambaram Stadium, Chepauk	RM Deshpande	VA Kulkarni		1	2.91015086277	0.425559156083	7	61.5384615385	-33.3333333333
488	489	2015	Delhi	2015-05-01	Kings XI Punjab	Delhi Daredevils	Delhi Daredevils	field	normal	0	Delhi Daredevils	0	9	NM Coulter-Nile	Feroz Shah Kotla	RK Illingworth	S Ravi		0	14.2750803034	-0.50374068602	15	61.5384615385	-33.3333333333
489	490	2015	Mumbai	2015-05-01	Mumbai Indians	Rajasthan Royals	Rajasthan Royals	field	normal	0	Mumbai Indians	8	0	AT Rayudu	Wankhede Stadium	HDPK Dharmasena	CK Nandan		1	-13.5365208873	0.0973423527439	5	60.0	-33.3333333333
490	491	2015	Bangalore	2015-05-02	Kolkata Knight Riders	Royal Challengers Bangalore	Royal Challengers Bangalore	field	normal	0	Royal Challengers Bangalore	0	7	Mandeep Singh	M Chinnaswamy Stadium	JD Cloete	PG Pathak		0	4.51018785667	-0.57075781514	7	57.1428571429	0.0
492	493	2015	Chandigarh	2015-05-03	Mumbai Indians	Kings XI Punjab	Mumbai Indians	bat	normal	0	Mumbai Indians	23	0	LMP Simmons	Punjab Cricket Association Stadium, Mohali	RK Illingworth	VA Kulkarni		1	-13.615486544	-0.73702379654	-1	46.6666666667	66.6666666667
493	494	2015	Mumbai	2015-05-03	Rajasthan Royals	Delhi Daredevils	Delhi Daredevils	field	normal	0	Rajasthan Royals	14	0	AM Rahane	Brabourne Stadium	HDPK Dharmasena	CB Gaffaney		1	10.7755080664	0.786551957827	7	60.0	0.0
494	495	2015	Chennai	2015-05-04	Chennai Super Kings	Royal Challengers Bangalore	Chennai Super Kings	bat	normal	0	Chennai Super Kings	24	0	SK Raina	MA Chidambaram Stadium, Chepauk	C Shamshuddin	K Srinath		1	4.56958922306	-0.231438701829	25	58.8235294118	0.0
496	497	2015	Mumbai	2015-05-05	Delhi Daredevils	Mumbai Indians	Delhi Daredevils	bat	normal	0	Mumbai Indians	0	5	Harbhajan Singh	Wankhede Stadium	HDPK Dharmasena	CB Gaffaney		0	-18.7269710788	-0.755736900344	-14	53.3333333333	-33.3333333333
497	498	2015	Bangalore	2015-05-06	Royal Challengers Bangalore	Kings XI Punjab	Kings XI Punjab	field	normal	0	Royal Challengers Bangalore	138	0	CH Gayle	M Chinnaswamy Stadium	RK Illingworth	VA Kulkarni		1	-5.57473276667	0.886534766928	5	35.7142857143	66.6666666667
499	500	2015	Chennai	2015-05-08	Chennai Super Kings	Mumbai Indians	Chennai Super Kings	bat	normal	0	Mumbai Indians	0	6	HH Pandya	MA Chidambaram Stadium, Chepauk	CB Gaffaney	CK Nandan		0	5.01428305442	1.97234837575	17	52.6315789474	0.0
500	501	2015	Kolkata	2015-05-09	Kings XI Punjab	Kolkata Knight Riders	Kings XI Punjab	bat	normal	0	Kolkata Knight Riders	0	1	AD Russell	Eden Gardens	AK Chaudhary	HDPK Dharmasena		0	6.41507829717	0.254812646963	-18	40.0	-33.3333333333
502	503	2015	Mumbai	2015-05-10	Royal Challengers Bangalore	Mumbai Indians	Royal Challengers Bangalore	bat	normal	0	Royal Challengers Bangalore	39	0	AB de Villiers	Wankhede Stadium	JD Cloete	C Shamshuddin		1	-1.34330786998	2.06272863003	-3	43.75	-33.3333333333
503	504	2015	Chennai	2015-05-10	Chennai Super Kings	Rajasthan Royals	Chennai Super Kings	bat	normal	0	Chennai Super Kings	12	0	RA Jadeja	MA Chidambaram Stadium, Chepauk	M Erasmus	CK Nandan		1	-5.73859105716	-0.0464560779778	16	62.5	33.3333333333
505	506	2015	Raipur	2015-05-12	Chennai Super Kings	Delhi Daredevils	Chennai Super Kings	bat	normal	0	Delhi Daredevils	0	6	Z Khan	Shaheed Veer Narayan Singh International Stadium	RK Illingworth	VA Kulkarni		0	6.94145427185	1.67831769864	28	73.3333333333	33.3333333333
506	507	2015	Chandigarh	2015-05-13	Kings XI Punjab	Royal Challengers Bangalore	Royal Challengers Bangalore	field	normal	0	Kings XI Punjab	22	0	AR Patel	Punjab Cricket Association Stadium, Mohali	JD Cloete	C Shamshuddin		1	5.62238262177	-1.32472913119	-16	60.0	-66.6666666667
507	508	2015	Mumbai	2015-05-14	Mumbai Indians	Kolkata Knight Riders	Kolkata Knight Riders	field	normal	0	Mumbai Indians	5	0	HH Pandya	Wankhede Stadium	RK Illingworth	VA Kulkarni		1	-0.677688843918	-0.313345112959	-11	66.6666666667	33.3333333333
509	510	2015	Chandigarh	2015-05-16	Kings XI Punjab	Chennai Super Kings	Kings XI Punjab	bat	normal	0	Chennai Super Kings	0	7	P Negi	Punjab Cricket Association Stadium, Mohali	CK Nandan	C Shamshuddin		0	-0.71653641604	1.82440716122	-33	42.8571428571	0.0
510	511	2015	Mumbai	2015-05-16	Rajasthan Royals	Kolkata Knight Riders	Rajasthan Royals	bat	normal	0	Rajasthan Royals	9	0	SR Watson	Brabourne Stadium	RM Deshpande	RK Illingworth		1	-3.30382312076	-1.18186804959	-16	50.0	0.0
513	514	2015	Mumbai	2015-05-19	Mumbai Indians	Chennai Super Kings	Mumbai Indians	bat	normal	0	Mumbai Indians	25	0	KA Pollard	Wankhede Stadium	HDPK Dharmasena	RK Illingworth		1	6.31598087755	-0.617776618821	-24	50.0	0.0
514	515	2015	Pune	2015-05-20	Royal Challengers Bangalore	Rajasthan Royals	Royal Challengers Bangalore	bat	normal	0	Royal Challengers Bangalore	71	0	AB de Villiers	Maharashtra Cricket Association Stadium	AK Chaudhary	C Shamshuddin		1	-2.20037519341	0.969142714459	5	50.0	0.0
515	516	2015	Ranchi	2015-05-22	Royal Challengers Bangalore	Chennai Super Kings	Chennai Super Kings	field	normal	0	Chennai Super Kings	0	3	A Nehra	JSCA International Stadium Complex	AK Chaudhary	CB Gaffaney		0	-0.521024866385	1.03918112907	-23	38.8888888889	33.3333333333
516	517	2015	Kolkata	2015-05-24	Mumbai Indians	Chennai Super Kings	Chennai Super Kings	field	normal	0	Mumbai Indians	41	0	RG Sharma	Eden Gardens	HDPK Dharmasena	RK Illingworth		1	-1.57554987252	-1.70793051739	-24	52.380952381	0.0
